[2026-07-22T08:56:47.756Z] GET https://ehf.org/ → 301 (281ms, ?B)
[2026-07-22T08:56:48.037Z] GET https://www.ehf.org/ → 200 (246ms, 55966B)
[2026-07-22T08:56:48.350Z] GET https://assets.squarespace.com/@sqs/polyfiller/1.6/modern.js → pending (?ms, ?B)
[2026-07-22T08:56:48.364Z] GET https://assets.squarespace.com/universal/scripts-compressed/visitor-site-error-reporter-aa199afcf7c87a38-min.en-US.js → pending (?ms, ?B)
[2026-07-22T08:56:48.364Z] GET https://assets.squarespace.com/universal/scripts-compressed/extract-css-runtime-3d5633214421b6ee-min.en-US.js → pending (?ms, ?B)
[2026-07-22T08:56:48.364Z] GET https://assets.squarespace.com/universal/scripts-compressed/extract-css-moment-js-vendor-a5cfdec1ae227f33-min.en-US.js → pending (?ms, ?B)
[2026-07-22T08:56:48.364Z] GET https://assets.squarespace.com/universal/scripts-compressed/cldr-resource-pack-553be5b17e9a9bde-min.en-US.js → pending (?ms, ?B)
[2026-07-22T08:56:48.364Z] GET https://assets.squarespace.com/universal/scripts-compressed/common-vendors-stable-02f58ecdd59f8b83-min.en-US.js → pending (?ms, ?B)
[2026-07-22T08:56:48.364Z] GET https://assets.squarespace.com/universal/scripts-compressed/common-vendors-c09d014622f01c24-min.en-US.js → pending (?ms, ?B)
[2026-07-22T08:56:48.364Z] GET https://assets.squarespace.com/universal/scripts-compressed/common-d3f2f580dc63c247-min.en-US.js → pending (?ms, ?B)
[2026-07-22T08:56:48.364Z] GET https://assets.squarespace.com/universal/scripts-compressed/performance-c436d3d7ea735f9a-min.en-US.js → pending (?ms, ?B)
[2026-07-22T08:56:48.364Z] GET https://definitions.sqspcdn.com/website-component-definition/static-assets/website.components.socialLinks/20c9376f-b50d-42a8-b306-6a66df1e3ded_556/website.components.socialLinks.styles.css → 200 (28ms, 2096B)
[2026-07-22T08:56:48.364Z] GET https://definitions.sqspcdn.com/website-component-definition/static-assets/website.components.spacer/802b1fc6-3ad1-45bd-86fc-4095b08fa0f5_1101/website.components.spacer.styles.css → 200 (30ms, 318B)
[2026-07-22T08:56:48.364Z] GET https://definitions.sqspcdn.com/website-component-definition/static-assets/website.components.imageFluid/f316495a-e9d9-4f0b-9394-2daaba833a37_765/website.components.imageFluid.styles.css → 200 (29ms, 771B)
[2026-07-22T08:56:48.364Z] GET https://definitions.sqspcdn.com/website-component-definition/static-assets/website.components.html/69c9ad54-fc30-43cd-8a9f-c2c8ba7c09af_778/website.components.html.styles.css → 200 (29ms, 328B)
[2026-07-22T08:56:48.366Z] GET https://definitions.sqspcdn.com/website-component-definition/static-assets/website.components.button/917b0131-f4bb-4a5e-b76e-f982d9190bcf_948/website.components.button.styles.css → 200 (28ms, 514B)
[2026-07-22T08:56:48.366Z] GET https://definitions.sqspcdn.com/website-component-definition/static-assets/website.components.imageFluid/f316495a-e9d9-4f0b-9394-2daaba833a37_765/2513.js → pending (?ms, ?B)
[2026-07-22T08:56:48.366Z] GET https://definitions.sqspcdn.com/website-component-definition/static-assets/website.components.imageFluid/f316495a-e9d9-4f0b-9394-2daaba833a37_765/9882.js → pending (?ms, ?B)
[2026-07-22T08:56:48.366Z] GET https://definitions.sqspcdn.com/website-component-definition/static-assets/website.components.imageFluid/f316495a-e9d9-4f0b-9394-2daaba833a37_765/image-effect-liquid.js → pending (?ms, ?B)
[2026-07-22T08:56:48.366Z] GET https://definitions.sqspcdn.com/website-component-definition/static-assets/website.components.imageFluid/f316495a-e9d9-4f0b-9394-2daaba833a37_765/8458.js → pending (?ms, ?B)
[2026-07-22T08:56:48.366Z] GET https://definitions.sqspcdn.com/website-component-definition/static-assets/website.components.imageFluid/f316495a-e9d9-4f0b-9394-2daaba833a37_765/image-effect-refracted-lines.js → pending (?ms, ?B)
[2026-07-22T08:56:48.366Z] GET https://definitions.sqspcdn.com/website-component-definition/static-assets/website.components.button/917b0131-f4bb-4a5e-b76e-f982d9190bcf_948/website.components.button.visitor.js → pending (?ms, ?B)
[2026-07-22T08:56:48.366Z] GET https://definitions.sqspcdn.com/website-component-definition/static-assets/website.components.html/69c9ad54-fc30-43cd-8a9f-c2c8ba7c09af_778/website.components.html.visitor.js → pending (?ms, ?B)
[2026-07-22T08:56:48.366Z] GET https://definitions.sqspcdn.com/website-component-definition/static-assets/website.components.socialLinks/20c9376f-b50d-42a8-b306-6a66df1e3ded_556/website.components.socialLinks.visitor.js → pending (?ms, ?B)
[2026-07-22T08:56:48.366Z] GET https://definitions.sqspcdn.com/website-component-definition/static-assets/website.components.imageFluid/f316495a-e9d9-4f0b-9394-2daaba833a37_765/image-effect-refracted-circles.js → pending (?ms, ?B)
[2026-07-22T08:56:48.366Z] GET https://definitions.sqspcdn.com/website-component-definition/static-assets/website.components.imageFluid/f316495a-e9d9-4f0b-9394-2daaba833a37_765/website.components.imageFluid.shared.constants.js → pending (?ms, ?B)
[2026-07-22T08:56:48.366Z] GET https://definitions.sqspcdn.com/website-component-definition/static-assets/website.components.imageFluid/f316495a-e9d9-4f0b-9394-2daaba833a37_765/image-effect-parallax.js → pending (?ms, ?B)
[2026-07-22T08:56:48.366Z] GET https://definitions.sqspcdn.com/website-component-definition/static-assets/website.components.spacer/802b1fc6-3ad1-45bd-86fc-4095b08fa0f5_1101/website.components.spacer.visitor.js → pending (?ms, ?B)
[2026-07-22T08:56:48.366Z] GET https://definitions.sqspcdn.com/website-component-definition/static-assets/website.components.imageFluid/f316495a-e9d9-4f0b-9394-2daaba833a37_765/6644.js → pending (?ms, ?B)
[2026-07-22T08:56:48.366Z] GET https://definitions.sqspcdn.com/website-component-definition/static-assets/website.components.imageFluid/f316495a-e9d9-4f0b-9394-2daaba833a37_765/8018.js → pending (?ms, ?B)
[2026-07-22T08:56:48.366Z] GET https://definitions.sqspcdn.com/website-component-definition/static-assets/website.components.imageFluid/f316495a-e9d9-4f0b-9394-2daaba833a37_765/website.components.imageFluid.visitor.js → pending (?ms, ?B)
[2026-07-22T08:56:48.366Z] GET https://definitions.sqspcdn.com/website-component-definition/static-assets/website.components.imageFluid/f316495a-e9d9-4f0b-9394-2daaba833a37_765/image-effect-film-grain.js → pending (?ms, ?B)
[2026-07-22T08:56:48.366Z] GET https://static1.squarespace.com/static/versioned-site-css/5f3874da9e73700975a00b12/426/5c5a519771c10ba3470d8101/5f3874da9e73700975a00b34/1810/site.css?nocustom=true → pending (?ms, ?B)
[2026-07-22T08:56:48.366Z] GET https://static1.squarespace.com/static/vta/5c5a519771c10ba3470d8101/versioned-assets/1784658820989-T86EF34M4QVPBBCSSFUN/static.css → pending (?ms, ?B)
[2026-07-22T08:56:48.366Z] GET https://static1.squarespace.com/static/custom-css/5f3874da9e73700975a00b12/5f3874da9e73700975a00b34/0/custom.css → pending (?ms, ?B)
[2026-07-22T08:56:48.366Z] GET https://ajax.googleapis.com/ajax/libs/jquery/1.9.1/jquery.min.js → 200 (27ms, 33660B)
[2026-07-22T08:56:48.366Z] GET https://images.squarespace-cdn.com/content/v1/5f3874da9e73700975a00b12/1598311923613-QLM3MJNU1Q30HCAKGVW0/EHF+Logo+Color+Dark.png?format=1500w → pending (?ms, ?B)
[2026-07-22T08:56:48.366Z] GET https://images.squarespace-cdn.com/content/v1/5f3874da9e73700975a00b12/5d75a977-434f-4dc6-b990-59e19761ec7a/Copy+of+Pukaki+banner+mock+up+%289%29.png?format=1500w → pending (?ms, ?B)
[2026-07-22T08:56:48.513Z] GET https://static1.squarespace.com/static/vta/5c5a519771c10ba3470d8101/scripts/site-bundle.3ac4db8e38074e1383b5ecad2061af25.js → pending (?ms, ?B)
[2026-07-22T08:56:48.513Z] GET https://cdn.jsdelivr.net/npm/jquery-validation@1.19.0/dist/jquery.validate.min.js → 200 (33ms, 8911B)
[2026-07-22T08:56:47.964Z] POST https://performance.squarespace.com/api/v1/records → 200 (340ms, 157B)
[2026-07-22T08:56:48.866Z] GET https://www.ehf.org/universal/svg/social-accounts.svg → 200 (85ms, 119725B)
[2026-07-22T08:56:48.889Z] GET https://file.squarespace-cdn.com/content/v2/namespaces/fonts/libraries/sqsp/assets/c5eb5305-ba43-45a4-97e1-2fcb7b175375/latin.woff2 → 200 (99ms, 30504B)
[2026-07-22T08:56:48.889Z] GET https://file.squarespace-cdn.com/content/v2/namespaces/fonts/libraries/sqsp/assets/c5ed9101-d1bb-405b-8272-982162f2dbab/latin.woff2 → 200 (122ms, 30504B)
[2026-07-22T08:56:48.889Z] GET https://file.squarespace-cdn.com/content/v2/namespaces/fonts/libraries/sqsp/assets/c0120ee3-d64a-4b32-b3e3-5944e8eb8664/latin.woff2 → 200 (107ms, 95360B)
[2026-07-22T08:56:48.889Z] GET https://file.squarespace-cdn.com/content/v2/namespaces/fonts/libraries/sqsp/assets/5d9b735a-2fdf-4c34-b1d5-eeb65d115288/latin.woff2 → 200 (133ms, 95360B)
[2026-07-22T08:56:48.889Z] GET https://file.squarespace-cdn.com/content/v2/namespaces/fonts/libraries/sqsp/assets/9c9641aa-f3ae-4d98-a4ce-9c9b0ab98491/symbols.woff2 → 200 (109ms, 2512B)
[2026-07-22T08:56:48.889Z] GET https://file.squarespace-cdn.com/content/v2/namespaces/fonts/libraries/sqsp/assets/c74501d2-fa87-406d-b097-39df7ed42a23/latin-ext.woff2 → 200 (133ms, 70208B)
[2026-07-22T08:56:48.889Z] GET https://images.squarespace-cdn.com/content/v1/5f3874da9e73700975a00b12/75109450-cde7-403b-ac94-d9417c46493b/Group+1234.png?format=1500w → 200 (162ms, 221342B)
[2026-07-22T08:56:48.889Z] GET https://images.squarespace-cdn.com/content/v1/5f3874da9e73700975a00b12/d93de4ce-b780-4a31-914a-721ce3b304e2/nasa-vhSz50AaFAs-unsplash.jpg?format=750w → 200 (165ms, 73047B)
[2026-07-22T08:56:48.889Z] GET https://images.squarespace-cdn.com/content/v1/5f3874da9e73700975a00b12/67272ae6-b84a-4f77-9e0a-56b60bf3d331/%EF%81%98.png?format=100w → 200 (183ms, 575B)
[2026-07-22T08:56:48.889Z] GET https://images.squarespace-cdn.com/content/v1/5f3874da9e73700975a00b12/edd64ee2-17a6-4edc-97cc-67502a2e2a88/Rectangle+60.png?format=750w → 200 (165ms, 280400B)
[2026-07-22T08:56:48.889Z] GET https://images.squarespace-cdn.com/content/v1/5f3874da9e73700975a00b12/8af330dd-64a4-4fbe-8f7b-9fe610d58130/GIVs-Logo+%281%29.png?format=750w → 200 (219ms, 18465B)
[2026-07-22T08:56:48.889Z] GET https://images.squarespace-cdn.com/content/v1/5f3874da9e73700975a00b12/fe121e40-2038-4aa4-a59d-20d2f7189a25/image+%282%29.jpg?format=750w → 200 (221ms, 33674B)
[2026-07-22T08:56:57.979Z] GET https://static1.squarespace.com/static/vta/5c5a519771c10ba3470d8101/scripts/gallery-reel.55a3e0f32522be1f9f68.js → 200 (64ms, 4974B)
[2026-07-22T08:56:57.979Z] GET https://static1.squarespace.com/static/vta/5c5a519771c10ba3470d8101/scripts/218.0b8cda1ba2594c34a7c9.js → 200 (65ms, 4653B)
[2026-07-22T08:56:57.979Z] GET https://static1.squarespace.com/static/vta/5c5a519771c10ba3470d8101/scripts/lightbox.8b0f87891a04601f9473.js → 200 (62ms, 1233B)
[2026-07-22T08:56:57.998Z] GET https://www.google.com/recaptcha/enterprise.js?onload=__grecaptchaOnLoadCallback&render=6LdDFQwjAAAAAPigEvvPgEVbb7QBm-TkVJdDTlAv → 200 (12ms, 1577B)
[2026-07-22T08:56:57.998Z] GET https://assets.squarespace.com/universal/scripts-compressed/50785-5da795d97049b11f-min.en-US.js → 200 (253ms, 5828B)
[2026-07-22T08:56:57.998Z] GET https://assets.squarespace.com/universal/scripts-compressed/82365-7f8bed8d727a2323-min.en-US.js → 200 (323ms, 6182B)
[2026-07-22T08:56:57.998Z] GET https://assets.squarespace.com/universal/scripts-compressed/51032-5b10f78cd55ee141-min.en-US.js → 200 (360ms, 40213B)
[2026-07-22T08:56:57.999Z] GET https://assets.squarespace.com/universal/scripts-compressed/12650-53ff0a28f9221293-min.en-US.js → 200 (262ms, 3038B)
[2026-07-22T08:56:57.999Z] GET https://assets.squarespace.com/universal/scripts-compressed/93003-12fa20f83c762315-min.en-US.js → 200 (425ms, 23312B)
[2026-07-22T08:56:57.999Z] GET https://assets.squarespace.com/universal/scripts-compressed/43697-f517c2140e5fa74a-min.en-US.js → 200 (408ms, 3835B)
[2026-07-22T08:56:57.999Z] GET https://assets.squarespace.com/universal/scripts-compressed/29373-ce744d4f84228bda-min.en-US.js → 200 (408ms, 3667B)
[2026-07-22T08:56:57.999Z] GET https://assets.squarespace.com/universal/scripts-compressed/16975-cb4dd2489e086630-min.en-US.js → 200 (322ms, 2402B)
[2026-07-22T08:56:57.999Z] GET https://assets.squarespace.com/universal/scripts-compressed/36750-0e0dcc3bf656857b-min.en-US.js → 200 (427ms, 24036B)
[2026-07-22T08:56:57.999Z] GET https://assets.squarespace.com/universal/scripts-compressed/22210-209b1ae1d4b7db72-min.en-US.js → 200 (360ms, 15477B)
[2026-07-22T08:56:57.999Z] GET https://assets.squarespace.com/universal/scripts-compressed/48844-845adadf960f8a75-min.en-US.js → 200 (360ms, 4640B)
[2026-07-22T08:56:57.999Z] GET https://assets.squarespace.com/universal/scripts-compressed/21865-abf93d213cf024da-min.en-US.js → 200 (420ms, 8216B)
[2026-07-22T08:56:57.999Z] GET https://assets.squarespace.com/universal/styles-compressed/35ebb88013744865-min.en-US.css → 200 (241ms, 3629B)
[2026-07-22T08:56:57.999Z] GET https://assets.squarespace.com/universal/scripts-compressed/async-commerce-cart-utils-7e31a7d05a3d896f-min.en-US.js → 200 (359ms, 4285B)
[2026-07-22T08:56:57.999Z] GET https://assets.squarespace.com/universal/styles-compressed/8308d1793f387442-min.en-US.css → 200 (241ms, 1497B)
[2026-07-22T08:56:57.999Z] GET https://assets.squarespace.com/universal/scripts-compressed/async-reserved-cart-bootstrap-6c5f32fe56aefd87-min.en-US.js → 200 (408ms, 2217B)
[2026-07-22T08:56:57.999Z] POST https://www.ehf.org/api/census/RecordHit → 200 (359ms, 62B)
[2026-07-22T08:56:57.999Z] POST https://www.ehf.org/api/census/form-render → 200 (359ms, 67B)
[2026-07-22T08:56:57.999Z] POST https://www.ehf.org/api/census/button-render → 200 (359ms, 68B)
[2026-07-22T08:56:57.999Z] POST https://www.ehf.org/api/census/button-render → 200 (359ms, 66B)
[2026-07-22T08:56:57.999Z] POST https://www.ehf.org/api/census/button-render → 200 (358ms, 115B)
[2026-07-22T08:56:58.011Z] GET https://www.gstatic.com/recaptcha/releases/A7KpaEASfhDcK0nXxgQEyyYv/recaptcha__en.js → 200 (70ms, 382963B)
[2026-07-22T08:56:58.047Z] GET https://static1.squarespace.com/static/vta/5c5a519771c10ba3470d8101/scripts/floating-cart.333bd5aee1885e7af603.js → 200 (82ms, 613B)
[2026-07-22T08:56:58.049Z] GET https://images.squarespace-cdn.com/content/v1/5f3874da9e73700975a00b12/1850c6bb-f5f1-41d5-902c-c0ed4fb1d221/7.png?format=1000w → 200 (87ms, 12503B)
[2026-07-22T08:56:58.049Z] GET https://images.squarespace-cdn.com/content/v1/5f3874da9e73700975a00b12/dfdd766c-1bf1-4ec2-91b6-45361259b9a5/5.png?format=1000w → 200 (90ms, 12999B)
[2026-07-22T08:56:58.049Z] GET https://images.squarespace-cdn.com/content/v1/5f3874da9e73700975a00b12/5a2fb235-317b-43d8-af63-ae8c715944bf/8.png?format=1000w → 200 (89ms, 10279B)
[2026-07-22T08:56:58.049Z] GET https://images.squarespace-cdn.com/content/v1/5f3874da9e73700975a00b12/a5fec87e-ca93-4bc5-ab42-bde7dd43b7b4/4.png?format=1000w → 200 (90ms, 11167B)
[2026-07-22T08:56:58.049Z] GET https://images.squarespace-cdn.com/content/v1/5f3874da9e73700975a00b12/75e89f3e-1ae2-4175-afdb-247ddc403dfd/12.png?format=1000w → 200 (89ms, 12260B)
[2026-07-22T08:56:58.049Z] GET https://images.squarespace-cdn.com/content/v1/5f3874da9e73700975a00b12/2af3cfc9-c478-4f99-b1dd-d0e1b331653b/13.png?format=1000w → 200 (90ms, 16928B)
[2026-07-22T08:56:58.049Z] GET https://images.squarespace-cdn.com/content/v1/5f3874da9e73700975a00b12/26b272d2-4812-401b-8702-a8877827fee8/15.png?format=1000w → 200 (88ms, 6003B)
[2026-07-22T08:56:58.049Z] GET https://images.squarespace-cdn.com/content/v1/5f3874da9e73700975a00b12/296b11ce-d2dc-42bf-9127-a2a5a6ce5728/ceresroboticsinc_logo.jpeg?format=500w → 200 (88ms, 4192B)
[2026-07-22T08:56:58.116Z] GET https://www.google.com/recaptcha/enterprise/anchor?ar=1&k=6LdDFQwjAAAAAPigEvvPgEVbb7QBm-TkVJdDTlAv&co=aHR0cHM6Ly93d3cuZWhmLm9yZzo0NDM.&hl=en&v=A7KpaEASfhDcK0nXxgQEyyYv&size=invisible&anchor-ms=20000&execute-ms=30000&cb=munux2q8ij10 → 200 (26ms, 28917B)
[2026-07-22T08:56:58.145Z] GET https://www.gstatic.com/recaptcha/releases/A7KpaEASfhDcK0nXxgQEyyYv/styles__ltr.css → 200 (15ms, 42387B)
[2026-07-22T08:56:58.145Z] GET https://www.gstatic.com/recaptcha/releases/A7KpaEASfhDcK0nXxgQEyyYv/recaptcha__en.js → 200 (16ms, -888B)
[2026-07-22T08:56:58.206Z] GET https://www.google.com/recaptcha/enterprise/webworker.js?hl=en&v=A7KpaEASfhDcK0nXxgQEyyYv → 200 (19ms, ?B)
[2026-07-22T08:56:58.214Z] GET https://www.gstatic.com/recaptcha/api2/logo_48.png → 200 (8ms, 2252B)
[2026-07-22T08:56:58.214Z] GET https://fonts.gstatic.com/s/roboto/v48/KFO7CnqEu92Fr1ME7kSn66aGLdTylUAMa3yUBA.woff2 → 200 (29ms, 40680B)
[2026-07-22T08:56:58.225Z] GET https://www.gstatic.com/recaptcha/releases/A7KpaEASfhDcK0nXxgQEyyYv/recaptcha__en.js → 200 (53ms, -888B)
[2026-07-22T08:57:00.068Z] GET https://images.squarespace-cdn.com/content/v1/5f3874da9e73700975a00b12/97ddd59c-a290-483f-a8a5-bb8d12bef63d/Up+partners+logo.png?format=500w → 200 (87ms, 5227B)
[2026-07-22T08:57:00.302Z] GET https://images.squarespace-cdn.com/content/v1/5f3874da9e73700975a00b12/35008756-1686-47ab-a712-a8a3f052dc42/1.png?format=1000w → 200 (86ms, 15308B)
[2026-07-22T08:57:02.301Z] GET https://images.squarespace-cdn.com/content/v1/5f3874da9e73700975a00b12/e921f346-115a-41fe-ac79-e0111d9e24c5/10.png?format=1000w → 200 (88ms, 13569B)
[2026-07-22T08:57:04.302Z] GET https://images.squarespace-cdn.com/content/v1/5f3874da9e73700975a00b12/8a12b2e6-dd88-40ed-a4a6-a411c3e5d761/EHF+Fellow+Company+Logos+%281%29.png?format=1000w → 200 (87ms, 11954B)
[2026-07-22T08:57:06.468Z] GET https://images.squarespace-cdn.com/content/v1/5f3874da9e73700975a00b12/df121f2b-9767-40e0-9009-9797feaf9b71/11.png?format=1000w → 200 (87ms, 8769B)
[2026-07-22T08:57:28.443Z] POST https://performance.squarespace.com/api/v1/records → pending (?ms, ?B)
[2026-07-22T08:57:37.083Z] GET https://www.ehf.org/ → 200 (274ms, 207B)
[2026-07-22T08:57:37.361Z] POST https://performance.squarespace.com/api/v1/records → pending (?ms, ?B)
[2026-07-22T08:57:37.365Z] GET https://assets.squarespace.com/@sqs/polyfiller/1.6/modern.js → 200 (1ms, -641B)
[2026-07-22T08:57:37.366Z] GET https://assets.squarespace.com/universal/scripts-compressed/visitor-site-error-reporter-aa199afcf7c87a38-min.en-US.js → 200 (2ms, -634B)
[2026-07-22T08:57:37.368Z] GET https://assets.squarespace.com/universal/scripts-compressed/extract-css-runtime-3d5633214421b6ee-min.en-US.js → 200 (?ms, -631B)
[2026-07-22T08:57:37.368Z] GET https://assets.squarespace.com/universal/scripts-compressed/extract-css-moment-js-vendor-a5cfdec1ae227f33-min.en-US.js → 200 (?ms, -634B)
[2026-07-22T08:57:37.368Z] GET https://assets.squarespace.com/universal/scripts-compressed/cldr-resource-pack-553be5b17e9a9bde-min.en-US.js → 200 (?ms, -635B)
[2026-07-22T08:57:37.368Z] GET https://assets.squarespace.com/universal/scripts-compressed/common-vendors-stable-02f58ecdd59f8b83-min.en-US.js → 200 (?ms, -633B)
[2026-07-22T08:57:37.368Z] GET https://assets.squarespace.com/universal/scripts-compressed/common-vendors-c09d014622f01c24-min.en-US.js → 200 (?ms, -632B)
[2026-07-22T08:57:37.368Z] GET https://assets.squarespace.com/universal/scripts-compressed/common-d3f2f580dc63c247-min.en-US.js → 200 (?ms, -632B)
[2026-07-22T08:57:37.368Z] GET https://assets.squarespace.com/universal/scripts-compressed/performance-c436d3d7ea735f9a-min.en-US.js → 200 (?ms, -631B)
[2026-07-22T08:57:37.368Z] GET https://definitions.sqspcdn.com/website-component-definition/static-assets/website.components.socialLinks/20c9376f-b50d-42a8-b306-6a66df1e3ded_556/website.components.socialLinks.styles.css → 200 (3ms, -752B)
[2026-07-22T08:57:37.368Z] GET https://definitions.sqspcdn.com/website-component-definition/static-assets/website.components.spacer/802b1fc6-3ad1-45bd-86fc-4095b08fa0f5_1101/website.components.spacer.styles.css → 200 (3ms, -696B)
[2026-07-22T08:57:37.368Z] GET https://definitions.sqspcdn.com/website-component-definition/static-assets/website.components.imageFluid/f316495a-e9d9-4f0b-9394-2daaba833a37_765/website.components.imageFluid.styles.css → 200 (3ms, -743B)
[2026-07-22T08:57:37.368Z] GET https://definitions.sqspcdn.com/website-component-definition/static-assets/website.components.html/69c9ad54-fc30-43cd-8a9f-c2c8ba7c09af_778/website.components.html.styles.css → 200 (3ms, -696B)
[2026-07-22T08:57:37.368Z] GET https://definitions.sqspcdn.com/website-component-definition/static-assets/website.components.button/917b0131-f4bb-4a5e-b76e-f982d9190bcf_948/website.components.button.styles.css → 200 (4ms, -743B)
[2026-07-22T08:57:37.368Z] GET https://definitions.sqspcdn.com/website-component-definition/static-assets/website.components.imageFluid/f316495a-e9d9-4f0b-9394-2daaba833a37_765/2513.js → 200 (?ms, -760B)
[2026-07-22T08:57:37.368Z] GET https://definitions.sqspcdn.com/website-component-definition/static-assets/website.components.imageFluid/f316495a-e9d9-4f0b-9394-2daaba833a37_765/9882.js → 200 (?ms, -759B)
[2026-07-22T08:57:37.368Z] GET https://definitions.sqspcdn.com/website-component-definition/static-assets/website.components.imageFluid/f316495a-e9d9-4f0b-9394-2daaba833a37_765/image-effect-liquid.js → 200 (?ms, -758B)
[2026-07-22T08:57:37.368Z] GET https://definitions.sqspcdn.com/website-component-definition/static-assets/website.components.imageFluid/f316495a-e9d9-4f0b-9394-2daaba833a37_765/8458.js → 200 (?ms, -759B)
[2026-07-22T08:57:37.369Z] GET https://definitions.sqspcdn.com/website-component-definition/static-assets/website.components.imageFluid/f316495a-e9d9-4f0b-9394-2daaba833a37_765/image-effect-refracted-lines.js → 200 (?ms, -759B)
[2026-07-22T08:57:37.369Z] GET https://definitions.sqspcdn.com/website-component-definition/static-assets/website.components.button/917b0131-f4bb-4a5e-b76e-f982d9190bcf_948/website.components.button.visitor.js → 200 (?ms, -759B)
[2026-07-22T08:57:37.369Z] GET https://definitions.sqspcdn.com/website-component-definition/static-assets/website.components.html/69c9ad54-fc30-43cd-8a9f-c2c8ba7c09af_778/website.components.html.visitor.js → 200 (?ms, -759B)
[2026-07-22T08:57:37.369Z] GET https://definitions.sqspcdn.com/website-component-definition/static-assets/website.components.socialLinks/20c9376f-b50d-42a8-b306-6a66df1e3ded_556/website.components.socialLinks.visitor.js → 200 (?ms, -766B)
[2026-07-22T08:57:37.370Z] GET https://definitions.sqspcdn.com/website-component-definition/static-assets/website.components.imageFluid/f316495a-e9d9-4f0b-9394-2daaba833a37_765/image-effect-refracted-circles.js → 200 (?ms, -758B)
[2026-07-22T08:57:37.370Z] GET https://definitions.sqspcdn.com/website-component-definition/static-assets/website.components.imageFluid/f316495a-e9d9-4f0b-9394-2daaba833a37_765/website.components.imageFluid.shared.constants.js → 200 (?ms, -710B)
[2026-07-22T08:57:37.370Z] GET https://definitions.sqspcdn.com/website-component-definition/static-assets/website.components.imageFluid/f316495a-e9d9-4f0b-9394-2daaba833a37_765/image-effect-parallax.js → 200 (?ms, -758B)
[2026-07-22T08:57:37.371Z] GET https://definitions.sqspcdn.com/website-component-definition/static-assets/website.components.spacer/802b1fc6-3ad1-45bd-86fc-4095b08fa0f5_1101/website.components.spacer.visitor.js → 200 (?ms, -710B)
[2026-07-22T08:57:37.371Z] GET https://definitions.sqspcdn.com/website-component-definition/static-assets/website.components.imageFluid/f316495a-e9d9-4f0b-9394-2daaba833a37_765/6644.js → 200 (?ms, -760B)
[2026-07-22T08:57:37.371Z] GET https://definitions.sqspcdn.com/website-component-definition/static-assets/website.components.imageFluid/f316495a-e9d9-4f0b-9394-2daaba833a37_765/8018.js → 200 (?ms, -759B)
[2026-07-22T08:57:37.371Z] GET https://definitions.sqspcdn.com/website-component-definition/static-assets/website.components.imageFluid/f316495a-e9d9-4f0b-9394-2daaba833a37_765/website.components.imageFluid.visitor.js → 200 (?ms, -759B)
[2026-07-22T08:57:37.371Z] GET https://definitions.sqspcdn.com/website-component-definition/static-assets/website.components.imageFluid/f316495a-e9d9-4f0b-9394-2daaba833a37_765/image-effect-film-grain.js → 200 (?ms, -758B)
[2026-07-22T08:57:37.371Z] GET https://static1.squarespace.com/static/versioned-site-css/5f3874da9e73700975a00b12/426/5c5a519771c10ba3470d8101/5f3874da9e73700975a00b34/1810/site.css?nocustom=true → 200 (1ms, -558B)
[2026-07-22T08:57:37.371Z] GET https://static1.squarespace.com/static/vta/5c5a519771c10ba3470d8101/versioned-assets/1784658820989-T86EF34M4QVPBBCSSFUN/static.css → 200 (6ms, -577B)
[2026-07-22T08:57:37.371Z] GET https://static1.squarespace.com/static/custom-css/5f3874da9e73700975a00b12/5f3874da9e73700975a00b34/0/custom.css → 200 (6ms, -558B)
[2026-07-22T08:57:37.371Z] GET https://ajax.googleapis.com/ajax/libs/jquery/1.9.1/jquery.min.js → 200 (?ms, -966B)
[2026-07-22T08:57:37.371Z] GET https://images.squarespace-cdn.com/content/v1/5f3874da9e73700975a00b12/1598311923613-QLM3MJNU1Q30HCAKGVW0/EHF+Logo+Color+Dark.png?format=1500w → 200 (?ms, -613B)
[2026-07-22T08:57:37.371Z] GET https://images.squarespace-cdn.com/content/v1/5f3874da9e73700975a00b12/5d75a977-434f-4dc6-b990-59e19761ec7a/Copy+of+Pukaki+banner+mock+up+%289%29.png?format=1500w → 200 (?ms, -613B)
[2026-07-22T08:57:37.371Z] GET https://static1.squarespace.com/static/vta/5c5a519771c10ba3470d8101/scripts/site-bundle.3ac4db8e38074e1383b5ecad2061af25.js → 200 (?ms, -577B)
[2026-07-22T08:57:37.371Z] GET https://cdn.jsdelivr.net/npm/jquery-validation@1.19.0/dist/jquery.validate.min.js → 200 (?ms, -1145B)
[2026-07-22T08:57:37.390Z] GET https://images.squarespace-cdn.com/content/v1/5f3874da9e73700975a00b12/1850c6bb-f5f1-41d5-902c-c0ed4fb1d221/7.png?format=1000w → 200 (?ms, -613B)
[2026-07-22T08:57:37.391Z] GET https://images.squarespace-cdn.com/content/v1/5f3874da9e73700975a00b12/dfdd766c-1bf1-4ec2-91b6-45361259b9a5/5.png?format=1000w → 200 (?ms, -612B)
[2026-07-22T08:57:37.391Z] GET https://images.squarespace-cdn.com/content/v1/5f3874da9e73700975a00b12/5a2fb235-317b-43d8-af63-ae8c715944bf/8.png?format=1000w → 200 (?ms, -611B)
[2026-07-22T08:57:37.391Z] GET https://images.squarespace-cdn.com/content/v1/5f3874da9e73700975a00b12/a5fec87e-ca93-4bc5-ab42-bde7dd43b7b4/4.png?format=1000w → 200 (?ms, -613B)
[2026-07-22T08:57:37.391Z] GET https://images.squarespace-cdn.com/content/v1/5f3874da9e73700975a00b12/97ddd59c-a290-483f-a8a5-bb8d12bef63d/Up+partners+logo.png?format=500w → 200 (?ms, -612B)
[2026-07-22T08:57:37.391Z] GET https://images.squarespace-cdn.com/content/v1/5f3874da9e73700975a00b12/35008756-1686-47ab-a712-a8a3f052dc42/1.png?format=1000w → 200 (?ms, -613B)
[2026-07-22T08:57:37.391Z] GET https://images.squarespace-cdn.com/content/v1/5f3874da9e73700975a00b12/e921f346-115a-41fe-ac79-e0111d9e24c5/10.png?format=1000w → 200 (?ms, -613B)
[2026-07-22T08:57:37.391Z] GET https://images.squarespace-cdn.com/content/v1/5f3874da9e73700975a00b12/8a12b2e6-dd88-40ed-a4a6-a411c3e5d761/EHF+Fellow+Company+Logos+%281%29.png?format=1000w → 200 (?ms, -613B)
[2026-07-22T08:57:37.391Z] GET https://images.squarespace-cdn.com/content/v1/5f3874da9e73700975a00b12/df121f2b-9767-40e0-9009-9797feaf9b71/11.png?format=1000w → 200 (?ms, -612B)
[2026-07-22T08:57:37.391Z] GET https://images.squarespace-cdn.com/content/v1/5f3874da9e73700975a00b12/75e89f3e-1ae2-4175-afdb-247ddc403dfd/12.png?format=1000w → 200 (?ms, -612B)
[2026-07-22T08:57:37.391Z] GET https://images.squarespace-cdn.com/content/v1/5f3874da9e73700975a00b12/2af3cfc9-c478-4f99-b1dd-d0e1b331653b/13.png?format=1000w → 200 (?ms, -612B)
[2026-07-22T08:57:37.391Z] GET https://images.squarespace-cdn.com/content/v1/5f3874da9e73700975a00b12/26b272d2-4812-401b-8702-a8877827fee8/15.png?format=1000w → 200 (?ms, -612B)
[2026-07-22T08:57:37.391Z] GET https://images.squarespace-cdn.com/content/v1/5f3874da9e73700975a00b12/296b11ce-d2dc-42bf-9127-a2a5a6ce5728/ceresroboticsinc_logo.jpeg?format=500w → 200 (?ms, -612B)
[2026-07-22T08:57:37.391Z] GET https://images.squarespace-cdn.com/content/v1/5f3874da9e73700975a00b12/75109450-cde7-403b-ac94-d9417c46493b/Group+1234.png?format=1500w → 200 (?ms, -613B)
[2026-07-22T08:57:37.407Z] GET https://file.squarespace-cdn.com/content/v2/namespaces/fonts/libraries/sqsp/assets/5d9b735a-2fdf-4c34-b1d5-eeb65d115288/latin.woff2 → 200 (?ms, -472B)
[2026-07-22T08:57:37.407Z] GET https://file.squarespace-cdn.com/content/v2/namespaces/fonts/libraries/sqsp/assets/c5ed9101-d1bb-405b-8272-982162f2dbab/latin.woff2 → 200 (?ms, -472B)
[2026-07-22T08:57:37.407Z] GET https://file.squarespace-cdn.com/content/v2/namespaces/fonts/libraries/sqsp/assets/9c9641aa-f3ae-4d98-a4ce-9c9b0ab98491/symbols.woff2 → 200 (?ms, -471B)
[2026-07-22T08:57:37.407Z] GET https://file.squarespace-cdn.com/content/v2/namespaces/fonts/libraries/sqsp/assets/c0120ee3-d64a-4b32-b3e3-5944e8eb8664/latin.woff2 → 200 (?ms, -472B)
[2026-07-22T08:57:37.407Z] GET https://file.squarespace-cdn.com/content/v2/namespaces/fonts/libraries/sqsp/assets/c74501d2-fa87-406d-b097-39df7ed42a23/latin-ext.woff2 → 200 (?ms, -472B)
[2026-07-22T08:57:37.407Z] GET https://file.squarespace-cdn.com/content/v2/namespaces/fonts/libraries/sqsp/assets/c5eb5305-ba43-45a4-97e1-2fcb7b175375/latin.woff2 → 200 (?ms, -471B)
[2026-07-22T08:57:37.407Z] GET https://images.squarespace-cdn.com/content/v1/5f3874da9e73700975a00b12/d93de4ce-b780-4a31-914a-721ce3b304e2/nasa-vhSz50AaFAs-unsplash.jpg?format=750w → 200 (?ms, -613B)
[2026-07-22T08:57:37.407Z] GET https://images.squarespace-cdn.com/content/v1/5f3874da9e73700975a00b12/67272ae6-b84a-4f77-9e0a-56b60bf3d331/%EF%81%98.png?format=100w → 200 (?ms, -611B)
[2026-07-22T08:57:37.407Z] GET https://images.squarespace-cdn.com/content/v1/5f3874da9e73700975a00b12/edd64ee2-17a6-4edc-97cc-67502a2e2a88/Rectangle+60.png?format=750w → 200 (?ms, -613B)
[2026-07-22T08:57:37.407Z] GET https://images.squarespace-cdn.com/content/v1/5f3874da9e73700975a00b12/8af330dd-64a4-4fbe-8f7b-9fe610d58130/GIVs-Logo+%281%29.png?format=750w → 200 (?ms, -612B)
[2026-07-22T08:57:37.408Z] GET https://images.squarespace-cdn.com/content/v1/5f3874da9e73700975a00b12/fe121e40-2038-4aa4-a59d-20d2f7189a25/image+%282%29.jpg?format=750w → 200 (?ms, -613B)
[2026-07-22T08:57:37.538Z] GET https://static1.squarespace.com/static/vta/5c5a519771c10ba3470d8101/scripts/gallery-reel.55a3e0f32522be1f9f68.js → 200 (?ms, -572B)
[2026-07-22T08:57:37.538Z] GET https://static1.squarespace.com/static/vta/5c5a519771c10ba3470d8101/scripts/218.0b8cda1ba2594c34a7c9.js → 200 (?ms, -575B)
[2026-07-22T08:57:37.538Z] GET https://static1.squarespace.com/static/vta/5c5a519771c10ba3470d8101/scripts/lightbox.8b0f87891a04601f9473.js → 200 (?ms, -574B)
[2026-07-22T08:57:37.555Z] GET https://www.google.com/recaptcha/enterprise.js?onload=__grecaptchaOnLoadCallback&render=6LdDFQwjAAAAAPigEvvPgEVbb7QBm-TkVJdDTlAv → 200 (1ms, -680B)
[2026-07-22T08:57:37.556Z] GET https://assets.squarespace.com/universal/scripts-compressed/50785-5da795d97049b11f-min.en-US.js → 200 (?ms, -633B)
[2026-07-22T08:57:37.556Z] GET https://assets.squarespace.com/universal/scripts-compressed/82365-7f8bed8d727a2323-min.en-US.js → 200 (?ms, -634B)
[2026-07-22T08:57:37.556Z] GET https://assets.squarespace.com/universal/scripts-compressed/51032-5b10f78cd55ee141-min.en-US.js → 200 (1ms, -635B)
[2026-07-22T08:57:37.557Z] GET https://assets.squarespace.com/universal/scripts-compressed/12650-53ff0a28f9221293-min.en-US.js → 200 (?ms, -633B)
[2026-07-22T08:57:37.557Z] GET https://assets.squarespace.com/universal/scripts-compressed/93003-12fa20f83c762315-min.en-US.js → 200 (?ms, -634B)
[2026-07-22T08:57:37.557Z] GET https://assets.squarespace.com/universal/scripts-compressed/43697-f517c2140e5fa74a-min.en-US.js → 200 (?ms, -634B)
[2026-07-22T08:57:37.557Z] GET https://assets.squarespace.com/universal/scripts-compressed/29373-ce744d4f84228bda-min.en-US.js → 200 (?ms, -634B)
[2026-07-22T08:57:37.557Z] GET https://assets.squarespace.com/universal/scripts-compressed/16975-cb4dd2489e086630-min.en-US.js → 200 (?ms, -633B)
[2026-07-22T08:57:37.557Z] GET https://assets.squarespace.com/universal/scripts-compressed/36750-0e0dcc3bf656857b-min.en-US.js → 200 (?ms, -635B)
[2026-07-22T08:57:37.557Z] GET https://assets.squarespace.com/universal/scripts-compressed/22210-209b1ae1d4b7db72-min.en-US.js → 200 (?ms, -632B)
[2026-07-22T08:57:37.557Z] GET https://assets.squarespace.com/universal/scripts-compressed/48844-845adadf960f8a75-min.en-US.js → 200 (?ms, -633B)
[2026-07-22T08:57:37.557Z] GET https://assets.squarespace.com/universal/scripts-compressed/21865-abf93d213cf024da-min.en-US.js → 200 (?ms, -631B)
[2026-07-22T08:57:37.557Z] GET https://assets.squarespace.com/universal/styles-compressed/35ebb88013744865-min.en-US.css → 200 (?ms, -600B)
[2026-07-22T08:57:37.557Z] GET https://assets.squarespace.com/universal/scripts-compressed/async-commerce-cart-utils-7e31a7d05a3d896f-min.en-US.js → 200 (?ms, -632B)
[2026-07-22T08:57:37.557Z] GET https://assets.squarespace.com/universal/styles-compressed/8308d1793f387442-min.en-US.css → 200 (?ms, -600B)
[2026-07-22T08:57:37.558Z] GET https://assets.squarespace.com/universal/scripts-compressed/async-reserved-cart-bootstrap-6c5f32fe56aefd87-min.en-US.js → 200 (?ms, -634B)
[2026-07-22T08:57:37.558Z] POST https://www.ehf.org/api/census/RecordHit → pending (?ms, ?B)
[2026-07-22T08:57:37.558Z] POST https://www.ehf.org/api/census/form-render → pending (?ms, ?B)
[2026-07-22T08:57:37.558Z] POST https://www.ehf.org/api/census/button-render → pending (?ms, ?B)
[2026-07-22T08:57:37.558Z] POST https://www.ehf.org/api/census/button-render → pending (?ms, ?B)
[2026-07-22T08:57:37.558Z] POST https://www.ehf.org/api/census/button-render → pending (?ms, ?B)
[2026-07-22T08:57:37.564Z] GET https://static1.squarespace.com/static/vta/5c5a519771c10ba3470d8101/scripts/floating-cart.333bd5aee1885e7af603.js → 200 (?ms, -578B)
[2026-07-22T08:57:37.564Z] GET https://www.gstatic.com/recaptcha/releases/A7KpaEASfhDcK0nXxgQEyyYv/recaptcha__en.js → 200 (22ms, -888B)
[2026-07-22T08:57:37.592Z] GET https://www.google.com/recaptcha/enterprise/anchor?ar=1&k=6LdDFQwjAAAAAPigEvvPgEVbb7QBm-TkVJdDTlAv&co=aHR0cHM6Ly93d3cuZWhmLm9yZzo0NDM.&hl=en&v=A7KpaEASfhDcK0nXxgQEyyYv&size=invisible&anchor-ms=20000&execute-ms=30000&cb=jsgeepg7jp7m → 200 (35ms, 28352B)
[2026-07-22T08:57:37.629Z] GET https://www.gstatic.com/recaptcha/releases/A7KpaEASfhDcK0nXxgQEyyYv/styles__ltr.css → 200 (?ms, -848B)
[2026-07-22T08:57:37.629Z] GET https://www.gstatic.com/recaptcha/releases/A7KpaEASfhDcK0nXxgQEyyYv/recaptcha__en.js → pending (?ms, ?B)
[2026-07-22T08:57:37.682Z] GET https://www.google.com/recaptcha/enterprise/webworker.js?hl=en&v=A7KpaEASfhDcK0nXxgQEyyYv → 200 (6ms, -837B)
[2026-07-22T08:57:37.686Z] GET https://fonts.gstatic.com/s/roboto/v48/KFO7CnqEu92Fr1ME7kSn66aGLdTylUAMa3yUBA.woff2 → 200 (?ms, -815B)
[2026-07-22T08:57:37.687Z] GET https://www.gstatic.com/recaptcha/api2/logo_48.png → 200 (?ms, -775B)
[2026-07-22T08:57:37.689Z] GET https://www.gstatic.com/recaptcha/releases/A7KpaEASfhDcK0nXxgQEyyYv/recaptcha__en.js → 200 (48ms, -888B)
[2026-07-22T08:57:39.494Z] GET https://assets.squarespace.com/universal/scripts-compressed/88124-98b8a9c74273d635-min.en-US.js → 200 (87ms, 13733B)
[2026-07-22T08:57:39.494Z] GET https://assets.squarespace.com/universal/scripts-compressed/20641-6e097976b40cda35-min.en-US.js → 200 (110ms, 98865B)
[2026-07-22T08:57:39.611Z] GET https://assets.squarespace.com/universal/scripts-compressed/45779-1b560e815538deda-min.en-US.js → pending (?ms, ?B)
[2026-07-22T08:57:48.366Z] GET https://images.squarespace-cdn.com/content/v1/5f3874da9e73700975a00b12/1850c6bb-f5f1-41d5-902c-c0ed4fb1d221/7.png?format=100w → pending (?ms, ?B)
[2026-07-22T08:57:48.366Z] GET https://images.squarespace-cdn.com/content/v1/5f3874da9e73700975a00b12/dfdd766c-1bf1-4ec2-91b6-45361259b9a5/5.png?format=100w → pending (?ms, ?B)
[2026-07-22T08:57:48.367Z] GET https://images.squarespace-cdn.com/content/v1/5f3874da9e73700975a00b12/5a2fb235-317b-43d8-af63-ae8c715944bf/8.png?format=100w → pending (?ms, ?B)
[2026-07-22T08:57:48.367Z] GET https://images.squarespace-cdn.com/content/v1/5f3874da9e73700975a00b12/a5fec87e-ca93-4bc5-ab42-bde7dd43b7b4/4.png?format=100w → pending (?ms, ?B)
[2026-07-22T08:57:48.367Z] GET https://images.squarespace-cdn.com/content/v1/5f3874da9e73700975a00b12/97ddd59c-a290-483f-a8a5-bb8d12bef63d/Up+partners+logo.png?format=100w → pending (?ms, ?B)
[2026-07-22T08:57:48.367Z] GET https://images.squarespace-cdn.com/content/v1/5f3874da9e73700975a00b12/35008756-1686-47ab-a712-a8a3f052dc42/1.png?format=100w → pending (?ms, ?B)
[2026-07-22T08:57:48.367Z] GET https://images.squarespace-cdn.com/content/v1/5f3874da9e73700975a00b12/e921f346-115a-41fe-ac79-e0111d9e24c5/10.png?format=100w → pending (?ms, ?B)
[2026-07-22T08:57:48.367Z] GET https://images.squarespace-cdn.com/content/v1/5f3874da9e73700975a00b12/8a12b2e6-dd88-40ed-a4a6-a411c3e5d761/EHF+Fellow+Company+Logos+%281%29.png?format=100w → pending (?ms, ?B)
[2026-07-22T08:57:48.367Z] GET https://images.squarespace-cdn.com/content/v1/5f3874da9e73700975a00b12/df121f2b-9767-40e0-9009-9797feaf9b71/11.png?format=100w → pending (?ms, ?B)
[2026-07-22T08:57:48.367Z] GET https://images.squarespace-cdn.com/content/v1/5f3874da9e73700975a00b12/75e89f3e-1ae2-4175-afdb-247ddc403dfd/12.png?format=100w → pending (?ms, ?B)
[2026-07-22T08:57:48.367Z] GET https://images.squarespace-cdn.com/content/v1/5f3874da9e73700975a00b12/2af3cfc9-c478-4f99-b1dd-d0e1b331653b/13.png?format=100w → pending (?ms, ?B)
[2026-07-22T08:57:48.367Z] GET https://images.squarespace-cdn.com/content/v1/5f3874da9e73700975a00b12/26b272d2-4812-401b-8702-a8877827fee8/15.png?format=100w → pending (?ms, ?B)
[2026-07-22T08:57:48.367Z] GET https://images.squarespace-cdn.com/content/v1/5f3874da9e73700975a00b12/296b11ce-d2dc-42bf-9127-a2a5a6ce5728/ceresroboticsinc_logo.jpeg?format=100w → pending (?ms, ?B)
[2026-07-22T08:58:07.483Z] GET https://www.ehf.org/ → 200 (100ms, 43B)
[2026-07-22T08:58:07.588Z] POST https://performance.squarespace.com/api/v1/records → pending (?ms, ?B)
[2026-07-22T08:58:07.588Z] POST https://o109687.ingest.us.sentry.io/api/4509084831580160/envelope/?sentry_version=7&sentry_key=9fefc56cc6d4ad4ceaa4e5ab9b2d34c8&sentry_client=sentry.javascript.browser%2F9.47.1 → pending (?ms, ?B)
[2026-07-22T08:58:07.593Z] GET https://assets.squarespace.com/@sqs/polyfiller/1.6/modern.js → 200 (?ms, -641B)
[2026-07-22T08:58:07.593Z] GET https://assets.squarespace.com/universal/scripts-compressed/visitor-site-error-reporter-aa199afcf7c87a38-min.en-US.js → 200 (?ms, -634B)
[2026-07-22T08:58:07.593Z] GET https://assets.squarespace.com/universal/scripts-compressed/extract-css-runtime-3d5633214421b6ee-min.en-US.js → 200 (1ms, -631B)
[2026-07-22T08:58:07.594Z] GET https://assets.squarespace.com/universal/scripts-compressed/extract-css-moment-js-vendor-a5cfdec1ae227f33-min.en-US.js → 200 (?ms, -634B)
[2026-07-22T08:58:07.594Z] GET https://assets.squarespace.com/universal/scripts-compressed/cldr-resource-pack-553be5b17e9a9bde-min.en-US.js → 200 (?ms, -635B)
[2026-07-22T08:58:07.594Z] GET https://assets.squarespace.com/universal/scripts-compressed/common-vendors-stable-02f58ecdd59f8b83-min.en-US.js → 200 (?ms, -633B)
[2026-07-22T08:58:07.595Z] GET https://assets.squarespace.com/universal/scripts-compressed/common-vendors-c09d014622f01c24-min.en-US.js → 200 (?ms, -632B)
[2026-07-22T08:58:07.595Z] GET https://assets.squarespace.com/universal/scripts-compressed/common-d3f2f580dc63c247-min.en-US.js → 200 (?ms, -632B)
[2026-07-22T08:58:07.595Z] GET https://assets.squarespace.com/universal/scripts-compressed/performance-c436d3d7ea735f9a-min.en-US.js → 200 (?ms, -631B)
[2026-07-22T08:58:07.595Z] GET https://definitions.sqspcdn.com/website-component-definition/static-assets/website.components.socialLinks/20c9376f-b50d-42a8-b306-6a66df1e3ded_556/website.components.socialLinks.styles.css → 200 (?ms, -752B)
[2026-07-22T08:58:07.595Z] GET https://definitions.sqspcdn.com/website-component-definition/static-assets/website.components.spacer/802b1fc6-3ad1-45bd-86fc-4095b08fa0f5_1101/website.components.spacer.styles.css → 200 (?ms, -696B)
[2026-07-22T08:58:07.595Z] GET https://definitions.sqspcdn.com/website-component-definition/static-assets/website.components.imageFluid/f316495a-e9d9-4f0b-9394-2daaba833a37_765/website.components.imageFluid.styles.css → 200 (?ms, -743B)
[2026-07-22T08:58:07.595Z] GET https://definitions.sqspcdn.com/website-component-definition/static-assets/website.components.html/69c9ad54-fc30-43cd-8a9f-c2c8ba7c09af_778/website.components.html.styles.css → 200 (?ms, -696B)
[2026-07-22T08:58:07.595Z] GET https://definitions.sqspcdn.com/website-component-definition/static-assets/website.components.button/917b0131-f4bb-4a5e-b76e-f982d9190bcf_948/website.components.button.styles.css → 200 (?ms, -743B)
[2026-07-22T08:58:07.595Z] GET https://definitions.sqspcdn.com/website-component-definition/static-assets/website.components.imageFluid/f316495a-e9d9-4f0b-9394-2daaba833a37_765/2513.js → 200 (?ms, -760B)
[2026-07-22T08:58:07.595Z] GET https://definitions.sqspcdn.com/website-component-definition/static-assets/website.components.imageFluid/f316495a-e9d9-4f0b-9394-2daaba833a37_765/9882.js → 200 (?ms, -759B)
[2026-07-22T08:58:07.595Z] GET https://definitions.sqspcdn.com/website-component-definition/static-assets/website.components.imageFluid/f316495a-e9d9-4f0b-9394-2daaba833a37_765/image-effect-liquid.js → 200 (?ms, -758B)
[2026-07-22T08:58:07.596Z] GET https://definitions.sqspcdn.com/website-component-definition/static-assets/website.components.imageFluid/f316495a-e9d9-4f0b-9394-2daaba833a37_765/8458.js → 200 (?ms, -759B)
[2026-07-22T08:58:07.596Z] GET https://definitions.sqspcdn.com/website-component-definition/static-assets/website.components.imageFluid/f316495a-e9d9-4f0b-9394-2daaba833a37_765/image-effect-refracted-lines.js → 200 (?ms, -759B)
[2026-07-22T08:58:07.596Z] GET https://definitions.sqspcdn.com/website-component-definition/static-assets/website.components.button/917b0131-f4bb-4a5e-b76e-f982d9190bcf_948/website.components.button.visitor.js → 200 (?ms, -759B)
[2026-07-22T08:58:07.596Z] GET https://definitions.sqspcdn.com/website-component-definition/static-assets/website.components.html/69c9ad54-fc30-43cd-8a9f-c2c8ba7c09af_778/website.components.html.visitor.js → 200 (?ms, -759B)
[2026-07-22T08:58:07.596Z] GET https://definitions.sqspcdn.com/website-component-definition/static-assets/website.components.socialLinks/20c9376f-b50d-42a8-b306-6a66df1e3ded_556/website.components.socialLinks.visitor.js → 200 (?ms, -766B)
[2026-07-22T08:58:07.596Z] GET https://definitions.sqspcdn.com/website-component-definition/static-assets/website.components.imageFluid/f316495a-e9d9-4f0b-9394-2daaba833a37_765/image-effect-refracted-circles.js → 200 (?ms, -758B)
[2026-07-22T08:58:07.596Z] GET https://definitions.sqspcdn.com/website-component-definition/static-assets/website.components.imageFluid/f316495a-e9d9-4f0b-9394-2daaba833a37_765/website.components.imageFluid.shared.constants.js → 200 (1ms, -710B)
[2026-07-22T08:58:07.597Z] GET https://definitions.sqspcdn.com/website-component-definition/static-assets/website.components.imageFluid/f316495a-e9d9-4f0b-9394-2daaba833a37_765/image-effect-parallax.js → 200 (?ms, -758B)
[2026-07-22T08:58:07.597Z] GET https://definitions.sqspcdn.com/website-component-definition/static-assets/website.components.spacer/802b1fc6-3ad1-45bd-86fc-4095b08fa0f5_1101/website.components.spacer.visitor.js → 200 (?ms, -710B)
[2026-07-22T08:58:07.597Z] GET https://definitions.sqspcdn.com/website-component-definition/static-assets/website.components.imageFluid/f316495a-e9d9-4f0b-9394-2daaba833a37_765/6644.js → 200 (?ms, -760B)
[2026-07-22T08:58:07.597Z] GET https://definitions.sqspcdn.com/website-component-definition/static-assets/website.components.imageFluid/f316495a-e9d9-4f0b-9394-2daaba833a37_765/8018.js → 200 (?ms, -759B)
[2026-07-22T08:58:07.597Z] GET https://definitions.sqspcdn.com/website-component-definition/static-assets/website.components.imageFluid/f316495a-e9d9-4f0b-9394-2daaba833a37_765/website.components.imageFluid.visitor.js → 200 (?ms, -759B)
[2026-07-22T08:58:07.597Z] GET https://definitions.sqspcdn.com/website-component-definition/static-assets/website.components.imageFluid/f316495a-e9d9-4f0b-9394-2daaba833a37_765/image-effect-film-grain.js → 200 (?ms, -758B)
[2026-07-22T08:58:07.597Z] GET https://static1.squarespace.com/static/versioned-site-css/5f3874da9e73700975a00b12/426/5c5a519771c10ba3470d8101/5f3874da9e73700975a00b34/1810/site.css?nocustom=true → 200 (?ms, -558B)
[2026-07-22T08:58:07.597Z] GET https://static1.squarespace.com/static/vta/5c5a519771c10ba3470d8101/versioned-assets/1784658820989-T86EF34M4QVPBBCSSFUN/static.css → 200 (?ms, -577B)
[2026-07-22T08:58:07.597Z] GET https://static1.squarespace.com/static/custom-css/5f3874da9e73700975a00b12/5f3874da9e73700975a00b34/0/custom.css → 200 (?ms, -558B)
[2026-07-22T08:58:07.597Z] GET https://ajax.googleapis.com/ajax/libs/jquery/1.9.1/jquery.min.js → 200 (?ms, -966B)
[2026-07-22T08:58:07.597Z] GET https://images.squarespace-cdn.com/content/v1/5f3874da9e73700975a00b12/1598311923613-QLM3MJNU1Q30HCAKGVW0/EHF+Logo+Color+Dark.png?format=1500w → 200 (?ms, -613B)
[2026-07-22T08:58:07.597Z] GET https://images.squarespace-cdn.com/content/v1/5f3874da9e73700975a00b12/5d75a977-434f-4dc6-b990-59e19761ec7a/Copy+of+Pukaki+banner+mock+up+%289%29.png?format=1000w → pending (?ms, ?B)
[2026-07-22T08:58:07.597Z] GET https://static1.squarespace.com/static/vta/5c5a519771c10ba3470d8101/scripts/site-bundle.3ac4db8e38074e1383b5ecad2061af25.js → 200 (?ms, -577B)
[2026-07-22T08:58:07.597Z] GET https://cdn.jsdelivr.net/npm/jquery-validation@1.19.0/dist/jquery.validate.min.js → 200 (?ms, -1145B)
[2026-07-22T08:58:07.605Z] GET https://images.squarespace-cdn.com/content/v1/5f3874da9e73700975a00b12/5d75a977-434f-4dc6-b990-59e19761ec7a/Copy+of+Pukaki+banner+mock+up+%289%29.png?format=1500w → 200 (?ms, -613B)
[2026-07-22T08:58:07.605Z] GET https://images.squarespace-cdn.com/content/v1/5f3874da9e73700975a00b12/1850c6bb-f5f1-41d5-902c-c0ed4fb1d221/7.png?format=1000w → 200 (1ms, -613B)
[2026-07-22T08:58:07.606Z] GET https://images.squarespace-cdn.com/content/v1/5f3874da9e73700975a00b12/dfdd766c-1bf1-4ec2-91b6-45361259b9a5/5.png?format=1000w → 200 (?ms, -612B)
[2026-07-22T08:58:07.606Z] GET https://images.squarespace-cdn.com/content/v1/5f3874da9e73700975a00b12/5a2fb235-317b-43d8-af63-ae8c715944bf/8.png?format=1000w → 200 (?ms, -611B)
[2026-07-22T08:58:07.606Z] GET https://images.squarespace-cdn.com/content/v1/5f3874da9e73700975a00b12/a5fec87e-ca93-4bc5-ab42-bde7dd43b7b4/4.png?format=1000w → 200 (?ms, -613B)
[2026-07-22T08:58:07.606Z] GET https://images.squarespace-cdn.com/content/v1/5f3874da9e73700975a00b12/97ddd59c-a290-483f-a8a5-bb8d12bef63d/Up+partners+logo.png?format=500w → 200 (?ms, -612B)
[2026-07-22T08:58:07.606Z] GET https://images.squarespace-cdn.com/content/v1/5f3874da9e73700975a00b12/35008756-1686-47ab-a712-a8a3f052dc42/1.png?format=1000w → 200 (?ms, -613B)
[2026-07-22T08:58:07.606Z] GET https://images.squarespace-cdn.com/content/v1/5f3874da9e73700975a00b12/e921f346-115a-41fe-ac79-e0111d9e24c5/10.png?format=1000w → 200 (?ms, -613B)
[2026-07-22T08:58:07.606Z] GET https://images.squarespace-cdn.com/content/v1/5f3874da9e73700975a00b12/8a12b2e6-dd88-40ed-a4a6-a411c3e5d761/EHF+Fellow+Company+Logos+%281%29.png?format=1000w → 200 (?ms, -613B)
[2026-07-22T08:58:07.606Z] GET https://images.squarespace-cdn.com/content/v1/5f3874da9e73700975a00b12/df121f2b-9767-40e0-9009-9797feaf9b71/11.png?format=1000w → 200 (?ms, -612B)
[2026-07-22T08:58:07.606Z] GET https://images.squarespace-cdn.com/content/v1/5f3874da9e73700975a00b12/75e89f3e-1ae2-4175-afdb-247ddc403dfd/12.png?format=1000w → 200 (?ms, -612B)
[2026-07-22T08:58:07.606Z] GET https://images.squarespace-cdn.com/content/v1/5f3874da9e73700975a00b12/2af3cfc9-c478-4f99-b1dd-d0e1b331653b/13.png?format=1000w → 200 (?ms, -612B)
[2026-07-22T08:58:07.607Z] GET https://images.squarespace-cdn.com/content/v1/5f3874da9e73700975a00b12/26b272d2-4812-401b-8702-a8877827fee8/15.png?format=1000w → 200 (?ms, -612B)
[2026-07-22T08:58:07.607Z] GET https://images.squarespace-cdn.com/content/v1/5f3874da9e73700975a00b12/296b11ce-d2dc-42bf-9127-a2a5a6ce5728/ceresroboticsinc_logo.jpeg?format=500w → 200 (?ms, -612B)
[2026-07-22T08:58:07.607Z] GET https://images.squarespace-cdn.com/content/v1/5f3874da9e73700975a00b12/75109450-cde7-403b-ac94-d9417c46493b/Group+1234.png?format=1500w → 200 (?ms, -613B)
[2026-07-22T08:58:07.607Z] GET https://images.squarespace-cdn.com/content/v1/5f3874da9e73700975a00b12/d93de4ce-b780-4a31-914a-721ce3b304e2/nasa-vhSz50AaFAs-unsplash.jpg?format=750w → 200 (?ms, -613B)
[2026-07-22T08:58:07.607Z] GET https://images.squarespace-cdn.com/content/v1/5f3874da9e73700975a00b12/edd64ee2-17a6-4edc-97cc-67502a2e2a88/Rectangle+60.png?format=750w → 200 (?ms, -613B)
[2026-07-22T08:58:07.607Z] GET https://images.squarespace-cdn.com/content/v1/5f3874da9e73700975a00b12/8af330dd-64a4-4fbe-8f7b-9fe610d58130/GIVs-Logo+%281%29.png?format=750w → 200 (?ms, -612B)
[2026-07-22T08:58:07.607Z] GET https://images.squarespace-cdn.com/content/v1/5f3874da9e73700975a00b12/fe121e40-2038-4aa4-a59d-20d2f7189a25/image+%282%29.jpg?format=750w → 200 (?ms, -613B)
[2026-07-22T08:58:07.637Z] GET https://file.squarespace-cdn.com/content/v2/namespaces/fonts/libraries/sqsp/assets/5d9b735a-2fdf-4c34-b1d5-eeb65d115288/latin.woff2 → 200 (?ms, -472B)
[2026-07-22T08:58:07.637Z] GET https://file.squarespace-cdn.com/content/v2/namespaces/fonts/libraries/sqsp/assets/c5ed9101-d1bb-405b-8272-982162f2dbab/latin.woff2 → 200 (?ms, -472B)
[2026-07-22T08:58:07.637Z] GET https://file.squarespace-cdn.com/content/v2/namespaces/fonts/libraries/sqsp/assets/9c9641aa-f3ae-4d98-a4ce-9c9b0ab98491/symbols.woff2 → 200 (?ms, -471B)
[2026-07-22T08:58:07.637Z] GET https://file.squarespace-cdn.com/content/v2/namespaces/fonts/libraries/sqsp/assets/c0120ee3-d64a-4b32-b3e3-5944e8eb8664/latin.woff2 → 200 (?ms, -472B)
[2026-07-22T08:58:07.637Z] GET https://file.squarespace-cdn.com/content/v2/namespaces/fonts/libraries/sqsp/assets/c74501d2-fa87-406d-b097-39df7ed42a23/latin-ext.woff2 → 200 (?ms, -472B)
[2026-07-22T08:58:07.637Z] GET https://file.squarespace-cdn.com/content/v2/namespaces/fonts/libraries/sqsp/assets/c5eb5305-ba43-45a4-97e1-2fcb7b175375/latin.woff2 → 200 (?ms, -471B)
[2026-07-22T08:58:07.649Z] GET https://static1.squarespace.com/static/vta/5c5a519771c10ba3470d8101/scripts/gallery-reel.55a3e0f32522be1f9f68.js → 200 (?ms, -572B)
[2026-07-22T08:58:07.649Z] GET https://static1.squarespace.com/static/vta/5c5a519771c10ba3470d8101/scripts/218.0b8cda1ba2594c34a7c9.js → 200 (?ms, -575B)
[2026-07-22T08:58:07.649Z] GET https://static1.squarespace.com/static/vta/5c5a519771c10ba3470d8101/scripts/lightbox.8b0f87891a04601f9473.js → 200 (?ms, -574B)
[2026-07-22T08:58:07.665Z] GET https://www.google.com/recaptcha/enterprise.js?onload=__grecaptchaOnLoadCallback&render=6LdDFQwjAAAAAPigEvvPgEVbb7QBm-TkVJdDTlAv → 200 (?ms, -680B)
[2026-07-22T08:58:07.665Z] GET https://assets.squarespace.com/universal/scripts-compressed/50785-5da795d97049b11f-min.en-US.js → 200 (?ms, -633B)
[2026-07-22T08:58:07.666Z] GET https://assets.squarespace.com/universal/scripts-compressed/82365-7f8bed8d727a2323-min.en-US.js → 200 (?ms, -634B)
[2026-07-22T08:58:07.666Z] GET https://assets.squarespace.com/universal/scripts-compressed/51032-5b10f78cd55ee141-min.en-US.js → 200 (?ms, -635B)
[2026-07-22T08:58:07.666Z] GET https://assets.squarespace.com/universal/scripts-compressed/12650-53ff0a28f9221293-min.en-US.js → 200 (?ms, -633B)
[2026-07-22T08:58:07.666Z] GET https://assets.squarespace.com/universal/scripts-compressed/93003-12fa20f83c762315-min.en-US.js → 200 (?ms, -634B)
[2026-07-22T08:58:07.666Z] GET https://assets.squarespace.com/universal/scripts-compressed/43697-f517c2140e5fa74a-min.en-US.js → 200 (?ms, -634B)
[2026-07-22T08:58:07.666Z] GET https://assets.squarespace.com/universal/scripts-compressed/29373-ce744d4f84228bda-min.en-US.js → 200 (1ms, -634B)
[2026-07-22T08:58:07.667Z] GET https://assets.squarespace.com/universal/scripts-compressed/16975-cb4dd2489e086630-min.en-US.js → 200 (?ms, -633B)
[2026-07-22T08:58:07.667Z] GET https://assets.squarespace.com/universal/scripts-compressed/36750-0e0dcc3bf656857b-min.en-US.js → 200 (?ms, -635B)
[2026-07-22T08:58:07.667Z] GET https://assets.squarespace.com/universal/scripts-compressed/22210-209b1ae1d4b7db72-min.en-US.js → 200 (?ms, -632B)
[2026-07-22T08:58:07.667Z] GET https://assets.squarespace.com/universal/scripts-compressed/48844-845adadf960f8a75-min.en-US.js → 200 (?ms, -633B)
[2026-07-22T08:58:07.667Z] GET https://assets.squarespace.com/universal/scripts-compressed/21865-abf93d213cf024da-min.en-US.js → 200 (?ms, -631B)
[2026-07-22T08:58:07.667Z] GET https://assets.squarespace.com/universal/styles-compressed/35ebb88013744865-min.en-US.css → 200 (?ms, -600B)
[2026-07-22T08:58:07.667Z] GET https://assets.squarespace.com/universal/scripts-compressed/async-commerce-cart-utils-7e31a7d05a3d896f-min.en-US.js → 200 (?ms, -632B)
[2026-07-22T08:58:07.667Z] GET https://assets.squarespace.com/universal/styles-compressed/8308d1793f387442-min.en-US.css → 200 (?ms, -600B)
[2026-07-22T08:58:07.667Z] GET https://assets.squarespace.com/universal/scripts-compressed/async-reserved-cart-bootstrap-6c5f32fe56aefd87-min.en-US.js → 200 (?ms, -634B)
[2026-07-22T08:58:07.667Z] POST https://www.ehf.org/api/census/RecordHit → 200 (349ms, 83B)
[2026-07-22T08:58:07.667Z] POST https://www.ehf.org/api/census/form-render → 200 (351ms, 67B)
[2026-07-22T08:58:07.667Z] POST https://www.ehf.org/api/census/button-render → 200 (365ms, 67B)
[2026-07-22T08:58:07.667Z] POST https://www.ehf.org/api/census/button-render → 200 (350ms, 67B)
[2026-07-22T08:58:07.667Z] POST https://www.ehf.org/api/census/button-render → 200 (350ms, 67B)
[2026-07-22T08:58:07.668Z] GET https://images.squarespace-cdn.com/content/v1/5f3874da9e73700975a00b12/67272ae6-b84a-4f77-9e0a-56b60bf3d331/%EF%81%98.png?format=100w → 200 (?ms, -611B)
[2026-07-22T08:58:07.673Z] GET https://static1.squarespace.com/static/vta/5c5a519771c10ba3470d8101/scripts/floating-cart.333bd5aee1885e7af603.js → 200 (?ms, -578B)
[2026-07-22T08:58:07.674Z] GET https://www.gstatic.com/recaptcha/releases/A7KpaEASfhDcK0nXxgQEyyYv/recaptcha__en.js → 200 (17ms, -888B)
[2026-07-22T08:58:07.698Z] GET https://www.google.com/recaptcha/enterprise/anchor?ar=1&k=6LdDFQwjAAAAAPigEvvPgEVbb7QBm-TkVJdDTlAv&co=aHR0cHM6Ly93d3cuZWhmLm9yZzo0NDM.&hl=en&v=A7KpaEASfhDcK0nXxgQEyyYv&size=invisible&anchor-ms=20000&execute-ms=30000&cb=toefmzarbd60 → 200 (39ms, 28267B)
[2026-07-22T08:58:07.740Z] GET https://www.gstatic.com/recaptcha/releases/A7KpaEASfhDcK0nXxgQEyyYv/styles__ltr.css → 200 (?ms, -848B)
[2026-07-22T08:58:07.740Z] GET https://www.gstatic.com/recaptcha/releases/A7KpaEASfhDcK0nXxgQEyyYv/recaptcha__en.js → 200 (16ms, -888B)
[2026-07-22T08:58:07.793Z] GET https://www.google.com/recaptcha/enterprise/webworker.js?hl=en&v=A7KpaEASfhDcK0nXxgQEyyYv → 200 (6ms, -837B)
[2026-07-22T08:58:07.798Z] GET https://fonts.gstatic.com/s/roboto/v48/KFO7CnqEu92Fr1ME7kSn66aGLdTylUAMa3yUBA.woff2 → 200 (?ms, -815B)
[2026-07-22T08:58:07.798Z] GET https://www.gstatic.com/recaptcha/api2/logo_48.png → 200 (?ms, -775B)
[2026-07-22T08:58:07.800Z] GET https://www.gstatic.com/recaptcha/releases/A7KpaEASfhDcK0nXxgQEyyYv/recaptcha__en.js → 200 (49ms, -888B)
[2026-07-22T08:58:27.237Z] GET https://www.ehf.org/ → 200 (97ms, 43B)
[2026-07-22T08:58:27.338Z] POST https://performance.squarespace.com/api/v1/records → pending (?ms, ?B)
[2026-07-22T08:58:27.342Z] GET https://assets.squarespace.com/@sqs/polyfiller/1.6/modern.js → 200 (1ms, -641B)
[2026-07-22T08:58:27.343Z] GET https://assets.squarespace.com/universal/scripts-compressed/visitor-site-error-reporter-aa199afcf7c87a38-min.en-US.js → 200 (?ms, -634B)
[2026-07-22T08:58:27.343Z] GET https://assets.squarespace.com/universal/scripts-compressed/extract-css-runtime-3d5633214421b6ee-min.en-US.js → 200 (?ms, -631B)
[2026-07-22T08:58:27.343Z] GET https://assets.squarespace.com/universal/scripts-compressed/extract-css-moment-js-vendor-a5cfdec1ae227f33-min.en-US.js → 200 (?ms, -634B)
[2026-07-22T08:58:27.343Z] GET https://assets.squarespace.com/universal/scripts-compressed/cldr-resource-pack-553be5b17e9a9bde-min.en-US.js → 200 (?ms, -635B)
[2026-07-22T08:58:27.343Z] GET https://assets.squarespace.com/universal/scripts-compressed/common-vendors-stable-02f58ecdd59f8b83-min.en-US.js → 200 (?ms, -633B)
[2026-07-22T08:58:27.343Z] GET https://assets.squarespace.com/universal/scripts-compressed/common-vendors-c09d014622f01c24-min.en-US.js → 200 (?ms, -632B)
[2026-07-22T08:58:27.343Z] GET https://assets.squarespace.com/universal/scripts-compressed/common-d3f2f580dc63c247-min.en-US.js → 200 (?ms, -632B)
[2026-07-22T08:58:27.343Z] GET https://assets.squarespace.com/universal/scripts-compressed/performance-c436d3d7ea735f9a-min.en-US.js → 200 (?ms, -631B)
[2026-07-22T08:58:27.343Z] GET https://definitions.sqspcdn.com/website-component-definition/static-assets/website.components.socialLinks/20c9376f-b50d-42a8-b306-6a66df1e3ded_556/website.components.socialLinks.styles.css → 200 (?ms, -752B)
[2026-07-22T08:58:27.343Z] GET https://definitions.sqspcdn.com/website-component-definition/static-assets/website.components.spacer/802b1fc6-3ad1-45bd-86fc-4095b08fa0f5_1101/website.components.spacer.styles.css → 200 (1ms, -696B)
[2026-07-22T08:58:27.345Z] GET https://definitions.sqspcdn.com/website-component-definition/static-assets/website.components.imageFluid/f316495a-e9d9-4f0b-9394-2daaba833a37_765/website.components.imageFluid.styles.css → 200 (?ms, -743B)
[2026-07-22T08:58:27.345Z] GET https://definitions.sqspcdn.com/website-component-definition/static-assets/website.components.html/69c9ad54-fc30-43cd-8a9f-c2c8ba7c09af_778/website.components.html.styles.css → 200 (?ms, -696B)
[2026-07-22T08:58:27.345Z] GET https://definitions.sqspcdn.com/website-component-definition/static-assets/website.components.button/917b0131-f4bb-4a5e-b76e-f982d9190bcf_948/website.components.button.styles.css → 200 (?ms, -743B)
[2026-07-22T08:58:27.345Z] GET https://definitions.sqspcdn.com/website-component-definition/static-assets/website.components.imageFluid/f316495a-e9d9-4f0b-9394-2daaba833a37_765/2513.js → 200 (?ms, -760B)
[2026-07-22T08:58:27.345Z] GET https://definitions.sqspcdn.com/website-component-definition/static-assets/website.components.imageFluid/f316495a-e9d9-4f0b-9394-2daaba833a37_765/9882.js → 200 (?ms, -759B)
[2026-07-22T08:58:27.345Z] GET https://definitions.sqspcdn.com/website-component-definition/static-assets/website.components.imageFluid/f316495a-e9d9-4f0b-9394-2daaba833a37_765/image-effect-liquid.js → 200 (?ms, -758B)
[2026-07-22T08:58:27.345Z] GET https://definitions.sqspcdn.com/website-component-definition/static-assets/website.components.imageFluid/f316495a-e9d9-4f0b-9394-2daaba833a37_765/8458.js → 200 (?ms, -759B)
[2026-07-22T08:58:27.345Z] GET https://definitions.sqspcdn.com/website-component-definition/static-assets/website.components.imageFluid/f316495a-e9d9-4f0b-9394-2daaba833a37_765/image-effect-refracted-lines.js → 200 (?ms, -759B)
[2026-07-22T08:58:27.345Z] GET https://definitions.sqspcdn.com/website-component-definition/static-assets/website.components.button/917b0131-f4bb-4a5e-b76e-f982d9190bcf_948/website.components.button.visitor.js → 200 (?ms, -759B)
[2026-07-22T08:58:27.345Z] GET https://definitions.sqspcdn.com/website-component-definition/static-assets/website.components.html/69c9ad54-fc30-43cd-8a9f-c2c8ba7c09af_778/website.components.html.visitor.js → 200 (?ms, -759B)
[2026-07-22T08:58:27.345Z] GET https://definitions.sqspcdn.com/website-component-definition/static-assets/website.components.socialLinks/20c9376f-b50d-42a8-b306-6a66df1e3ded_556/website.components.socialLinks.visitor.js → 200 (?ms, -766B)
[2026-07-22T08:58:27.345Z] GET https://definitions.sqspcdn.com/website-component-definition/static-assets/website.components.imageFluid/f316495a-e9d9-4f0b-9394-2daaba833a37_765/image-effect-refracted-circles.js → 200 (?ms, -758B)
[2026-07-22T08:58:27.345Z] GET https://definitions.sqspcdn.com/website-component-definition/static-assets/website.components.imageFluid/f316495a-e9d9-4f0b-9394-2daaba833a37_765/website.components.imageFluid.shared.constants.js → 200 (?ms, -710B)
[2026-07-22T08:58:27.345Z] GET https://definitions.sqspcdn.com/website-component-definition/static-assets/website.components.imageFluid/f316495a-e9d9-4f0b-9394-2daaba833a37_765/image-effect-parallax.js → 200 (?ms, -758B)
[2026-07-22T08:58:27.345Z] GET https://definitions.sqspcdn.com/website-component-definition/static-assets/website.components.spacer/802b1fc6-3ad1-45bd-86fc-4095b08fa0f5_1101/website.components.spacer.visitor.js → 200 (?ms, -710B)
[2026-07-22T08:58:27.345Z] GET https://definitions.sqspcdn.com/website-component-definition/static-assets/website.components.imageFluid/f316495a-e9d9-4f0b-9394-2daaba833a37_765/6644.js → 200 (?ms, -760B)
[2026-07-22T08:58:27.345Z] GET https://definitions.sqspcdn.com/website-component-definition/static-assets/website.components.imageFluid/f316495a-e9d9-4f0b-9394-2daaba833a37_765/8018.js → 200 (?ms, -759B)
[2026-07-22T08:58:27.346Z] GET https://definitions.sqspcdn.com/website-component-definition/static-assets/website.components.imageFluid/f316495a-e9d9-4f0b-9394-2daaba833a37_765/website.components.imageFluid.visitor.js → 200 (?ms, -759B)
[2026-07-22T08:58:27.346Z] GET https://definitions.sqspcdn.com/website-component-definition/static-assets/website.components.imageFluid/f316495a-e9d9-4f0b-9394-2daaba833a37_765/image-effect-film-grain.js → 200 (?ms, -758B)
[2026-07-22T08:58:27.346Z] GET https://static1.squarespace.com/static/versioned-site-css/5f3874da9e73700975a00b12/426/5c5a519771c10ba3470d8101/5f3874da9e73700975a00b34/1810/site.css?nocustom=true → 200 (?ms, -558B)
[2026-07-22T08:58:27.346Z] GET https://static1.squarespace.com/static/vta/5c5a519771c10ba3470d8101/versioned-assets/1784658820989-T86EF34M4QVPBBCSSFUN/static.css → 200 (?ms, -577B)
[2026-07-22T08:58:27.346Z] GET https://static1.squarespace.com/static/custom-css/5f3874da9e73700975a00b12/5f3874da9e73700975a00b34/0/custom.css → 200 (?ms, -558B)
[2026-07-22T08:58:27.347Z] GET https://ajax.googleapis.com/ajax/libs/jquery/1.9.1/jquery.min.js → 200 (?ms, -966B)
[2026-07-22T08:58:27.347Z] GET https://images.squarespace-cdn.com/content/v1/5f3874da9e73700975a00b12/1598311923613-QLM3MJNU1Q30HCAKGVW0/EHF+Logo+Color+Dark.png?format=1500w → 200 (?ms, -613B)
[2026-07-22T08:58:27.347Z] GET https://images.squarespace-cdn.com/content/v1/5f3874da9e73700975a00b12/5d75a977-434f-4dc6-b990-59e19761ec7a/Copy+of+Pukaki+banner+mock+up+%289%29.png?format=1000w → 200 (?ms, -617B)
[2026-07-22T08:58:27.347Z] GET https://static1.squarespace.com/static/vta/5c5a519771c10ba3470d8101/scripts/site-bundle.3ac4db8e38074e1383b5ecad2061af25.js → 200 (?ms, -577B)
[2026-07-22T08:58:27.347Z] GET https://cdn.jsdelivr.net/npm/jquery-validation@1.19.0/dist/jquery.validate.min.js → 200 (?ms, -1145B)
[2026-07-22T08:58:27.355Z] GET https://images.squarespace-cdn.com/content/v1/5f3874da9e73700975a00b12/5d75a977-434f-4dc6-b990-59e19761ec7a/Copy+of+Pukaki+banner+mock+up+%289%29.png?format=1500w → 200 (?ms, -613B)
[2026-07-22T08:58:27.355Z] GET https://images.squarespace-cdn.com/content/v1/5f3874da9e73700975a00b12/1850c6bb-f5f1-41d5-902c-c0ed4fb1d221/7.png?format=1000w → 200 (?ms, -613B)
[2026-07-22T08:58:27.356Z] GET https://images.squarespace-cdn.com/content/v1/5f3874da9e73700975a00b12/dfdd766c-1bf1-4ec2-91b6-45361259b9a5/5.png?format=1000w → 200 (?ms, -612B)
[2026-07-22T08:58:27.356Z] GET https://images.squarespace-cdn.com/content/v1/5f3874da9e73700975a00b12/5a2fb235-317b-43d8-af63-ae8c715944bf/8.png?format=1000w → 200 (?ms, -611B)
[2026-07-22T08:58:27.356Z] GET https://images.squarespace-cdn.com/content/v1/5f3874da9e73700975a00b12/a5fec87e-ca93-4bc5-ab42-bde7dd43b7b4/4.png?format=1000w → 200 (?ms, -613B)
[2026-07-22T08:58:27.356Z] GET https://images.squarespace-cdn.com/content/v1/5f3874da9e73700975a00b12/97ddd59c-a290-483f-a8a5-bb8d12bef63d/Up+partners+logo.png?format=500w → 200 (?ms, -612B)
[2026-07-22T08:58:27.356Z] GET https://images.squarespace-cdn.com/content/v1/5f3874da9e73700975a00b12/35008756-1686-47ab-a712-a8a3f052dc42/1.png?format=1000w → 200 (?ms, -613B)
[2026-07-22T08:58:27.356Z] GET https://images.squarespace-cdn.com/content/v1/5f3874da9e73700975a00b12/e921f346-115a-41fe-ac79-e0111d9e24c5/10.png?format=1000w → 200 (?ms, -613B)
[2026-07-22T08:58:27.356Z] GET https://images.squarespace-cdn.com/content/v1/5f3874da9e73700975a00b12/8a12b2e6-dd88-40ed-a4a6-a411c3e5d761/EHF+Fellow+Company+Logos+%281%29.png?format=1000w → 200 (?ms, -613B)
[2026-07-22T08:58:27.356Z] GET https://images.squarespace-cdn.com/content/v1/5f3874da9e73700975a00b12/df121f2b-9767-40e0-9009-9797feaf9b71/11.png?format=1000w → 200 (?ms, -612B)
[2026-07-22T08:58:27.356Z] GET https://images.squarespace-cdn.com/content/v1/5f3874da9e73700975a00b12/75e89f3e-1ae2-4175-afdb-247ddc403dfd/12.png?format=1000w → 200 (?ms, -612B)
[2026-07-22T08:58:27.356Z] GET https://images.squarespace-cdn.com/content/v1/5f3874da9e73700975a00b12/2af3cfc9-c478-4f99-b1dd-d0e1b331653b/13.png?format=1000w → 200 (?ms, -612B)
[2026-07-22T08:58:27.356Z] GET https://images.squarespace-cdn.com/content/v1/5f3874da9e73700975a00b12/26b272d2-4812-401b-8702-a8877827fee8/15.png?format=1000w → 200 (?ms, -612B)
[2026-07-22T08:58:27.356Z] GET https://images.squarespace-cdn.com/content/v1/5f3874da9e73700975a00b12/296b11ce-d2dc-42bf-9127-a2a5a6ce5728/ceresroboticsinc_logo.jpeg?format=500w → 200 (?ms, -612B)
[2026-07-22T08:58:27.356Z] GET https://images.squarespace-cdn.com/content/v1/5f3874da9e73700975a00b12/75109450-cde7-403b-ac94-d9417c46493b/Group+1234.png?format=1500w → 200 (?ms, -613B)
[2026-07-22T08:58:27.356Z] GET https://images.squarespace-cdn.com/content/v1/5f3874da9e73700975a00b12/d93de4ce-b780-4a31-914a-721ce3b304e2/nasa-vhSz50AaFAs-unsplash.jpg?format=750w → 200 (?ms, -613B)
[2026-07-22T08:58:27.356Z] GET https://images.squarespace-cdn.com/content/v1/5f3874da9e73700975a00b12/edd64ee2-17a6-4edc-97cc-67502a2e2a88/Rectangle+60.png?format=750w → 200 (?ms, -613B)
[2026-07-22T08:58:27.356Z] GET https://images.squarespace-cdn.com/content/v1/5f3874da9e73700975a00b12/8af330dd-64a4-4fbe-8f7b-9fe610d58130/GIVs-Logo+%281%29.png?format=750w → 200 (?ms, -612B)
[2026-07-22T08:58:27.356Z] GET https://images.squarespace-cdn.com/content/v1/5f3874da9e73700975a00b12/fe121e40-2038-4aa4-a59d-20d2f7189a25/image+%282%29.jpg?format=750w → 200 (?ms, -613B)
[2026-07-22T08:58:27.383Z] GET https://file.squarespace-cdn.com/content/v2/namespaces/fonts/libraries/sqsp/assets/5d9b735a-2fdf-4c34-b1d5-eeb65d115288/latin.woff2 → 200 (?ms, -472B)
[2026-07-22T08:58:27.383Z] GET https://file.squarespace-cdn.com/content/v2/namespaces/fonts/libraries/sqsp/assets/c5ed9101-d1bb-405b-8272-982162f2dbab/latin.woff2 → 200 (?ms, -472B)
[2026-07-22T08:58:27.383Z] GET https://file.squarespace-cdn.com/content/v2/namespaces/fonts/libraries/sqsp/assets/9c9641aa-f3ae-4d98-a4ce-9c9b0ab98491/symbols.woff2 → 200 (?ms, -471B)
[2026-07-22T08:58:27.383Z] GET https://file.squarespace-cdn.com/content/v2/namespaces/fonts/libraries/sqsp/assets/c0120ee3-d64a-4b32-b3e3-5944e8eb8664/latin.woff2 → 200 (?ms, -472B)
[2026-07-22T08:58:27.383Z] GET https://file.squarespace-cdn.com/content/v2/namespaces/fonts/libraries/sqsp/assets/c74501d2-fa87-406d-b097-39df7ed42a23/latin-ext.woff2 → 200 (?ms, -472B)
[2026-07-22T08:58:27.383Z] GET https://file.squarespace-cdn.com/content/v2/namespaces/fonts/libraries/sqsp/assets/c5eb5305-ba43-45a4-97e1-2fcb7b175375/latin.woff2 → 200 (?ms, -471B)
[2026-07-22T08:58:27.383Z] GET https://images.squarespace-cdn.com/content/v1/5f3874da9e73700975a00b12/67272ae6-b84a-4f77-9e0a-56b60bf3d331/%EF%81%98.png?format=100w → 200 (?ms, -611B)
[2026-07-22T08:58:27.398Z] GET https://static1.squarespace.com/static/vta/5c5a519771c10ba3470d8101/scripts/gallery-reel.55a3e0f32522be1f9f68.js → 200 (?ms, -572B)
[2026-07-22T08:58:27.399Z] GET https://static1.squarespace.com/static/vta/5c5a519771c10ba3470d8101/scripts/218.0b8cda1ba2594c34a7c9.js → 200 (?ms, -575B)
[2026-07-22T08:58:27.399Z] GET https://static1.squarespace.com/static/vta/5c5a519771c10ba3470d8101/scripts/lightbox.8b0f87891a04601f9473.js → 200 (?ms, -574B)
[2026-07-22T08:58:27.413Z] GET https://www.google.com/recaptcha/enterprise.js?onload=__grecaptchaOnLoadCallback&render=6LdDFQwjAAAAAPigEvvPgEVbb7QBm-TkVJdDTlAv → 200 (?ms, -680B)
[2026-07-22T08:58:27.413Z] GET https://assets.squarespace.com/universal/scripts-compressed/50785-5da795d97049b11f-min.en-US.js → 200 (2ms, -633B)
[2026-07-22T08:58:27.415Z] GET https://assets.squarespace.com/universal/scripts-compressed/82365-7f8bed8d727a2323-min.en-US.js → 200 (?ms, -634B)
[2026-07-22T08:58:27.415Z] GET https://assets.squarespace.com/universal/scripts-compressed/51032-5b10f78cd55ee141-min.en-US.js → 200 (?ms, -635B)
[2026-07-22T08:58:27.415Z] GET https://assets.squarespace.com/universal/scripts-compressed/12650-53ff0a28f9221293-min.en-US.js → 200 (?ms, -633B)
[2026-07-22T08:58:27.415Z] GET https://assets.squarespace.com/universal/scripts-compressed/93003-12fa20f83c762315-min.en-US.js → 200 (?ms, -634B)
[2026-07-22T08:58:27.415Z] GET https://assets.squarespace.com/universal/scripts-compressed/43697-f517c2140e5fa74a-min.en-US.js → 200 (?ms, -634B)
[2026-07-22T08:58:27.415Z] GET https://assets.squarespace.com/universal/scripts-compressed/29373-ce744d4f84228bda-min.en-US.js → 200 (?ms, -634B)
[2026-07-22T08:58:27.415Z] GET https://assets.squarespace.com/universal/scripts-compressed/16975-cb4dd2489e086630-min.en-US.js → 200 (?ms, -633B)
[2026-07-22T08:58:27.415Z] GET https://assets.squarespace.com/universal/scripts-compressed/36750-0e0dcc3bf656857b-min.en-US.js → 200 (?ms, -635B)
[2026-07-22T08:58:27.415Z] GET https://assets.squarespace.com/universal/scripts-compressed/22210-209b1ae1d4b7db72-min.en-US.js → 200 (?ms, -632B)
[2026-07-22T08:58:27.415Z] GET https://assets.squarespace.com/universal/scripts-compressed/48844-845adadf960f8a75-min.en-US.js → 200 (?ms, -633B)
[2026-07-22T08:58:27.415Z] GET https://assets.squarespace.com/universal/scripts-compressed/21865-abf93d213cf024da-min.en-US.js → 200 (?ms, -631B)
[2026-07-22T08:58:27.415Z] GET https://assets.squarespace.com/universal/styles-compressed/35ebb88013744865-min.en-US.css → 200 (?ms, -600B)
[2026-07-22T08:58:27.415Z] GET https://assets.squarespace.com/universal/scripts-compressed/async-commerce-cart-utils-7e31a7d05a3d896f-min.en-US.js → 200 (?ms, -632B)
[2026-07-22T08:58:27.415Z] GET https://assets.squarespace.com/universal/styles-compressed/8308d1793f387442-min.en-US.css → 200 (?ms, -600B)
[2026-07-22T08:58:27.415Z] GET https://assets.squarespace.com/universal/scripts-compressed/async-reserved-cart-bootstrap-6c5f32fe56aefd87-min.en-US.js → 200 (1ms, -634B)
[2026-07-22T08:58:27.416Z] POST https://www.ehf.org/api/census/RecordHit → pending (?ms, ?B)
[2026-07-22T08:58:27.416Z] POST https://www.ehf.org/api/census/form-render → pending (?ms, ?B)
[2026-07-22T08:58:27.416Z] POST https://www.ehf.org/api/census/button-render → pending (?ms, ?B)
[2026-07-22T08:58:27.416Z] POST https://www.ehf.org/api/census/button-render → pending (?ms, ?B)
[2026-07-22T08:58:27.416Z] POST https://www.ehf.org/api/census/button-render → pending (?ms, ?B)
[2026-07-22T08:58:27.421Z] GET https://static1.squarespace.com/static/vta/5c5a519771c10ba3470d8101/scripts/floating-cart.333bd5aee1885e7af603.js → 200 (?ms, -578B)
[2026-07-22T08:58:27.421Z] GET https://www.gstatic.com/recaptcha/releases/A7KpaEASfhDcK0nXxgQEyyYv/recaptcha__en.js → 200 (18ms, -888B)
[2026-07-22T08:58:27.444Z] GET https://www.google.com/recaptcha/enterprise/anchor?ar=1&k=6LdDFQwjAAAAAPigEvvPgEVbb7QBm-TkVJdDTlAv&co=aHR0cHM6Ly93d3cuZWhmLm9yZzo0NDM.&hl=en&v=A7KpaEASfhDcK0nXxgQEyyYv&size=invisible&anchor-ms=20000&execute-ms=30000&cb=log8j0h0levg → 200 (33ms, 28326B)
[2026-07-22T08:58:27.480Z] GET https://www.gstatic.com/recaptcha/releases/A7KpaEASfhDcK0nXxgQEyyYv/styles__ltr.css → 200 (?ms, -848B)
[2026-07-22T08:58:27.480Z] GET https://www.gstatic.com/recaptcha/releases/A7KpaEASfhDcK0nXxgQEyyYv/recaptcha__en.js → 200 (15ms, -888B)
[2026-07-22T08:58:27.533Z] GET https://www.google.com/recaptcha/enterprise/webworker.js?hl=en&v=A7KpaEASfhDcK0nXxgQEyyYv → 200 (7ms, -837B)
[2026-07-22T08:58:27.538Z] GET https://fonts.gstatic.com/s/roboto/v48/KFO7CnqEu92Fr1ME7kSn66aGLdTylUAMa3yUBA.woff2 → 200 (?ms, -815B)
[2026-07-22T08:58:27.539Z] GET https://www.gstatic.com/recaptcha/api2/logo_48.png → 200 (?ms, -775B)
[2026-07-22T08:58:27.540Z] GET https://www.gstatic.com/recaptcha/releases/A7KpaEASfhDcK0nXxgQEyyYv/recaptcha__en.js → 200 (48ms, -888B)
[2026-07-22T08:58:29.747Z] GET https://images.squarespace-cdn.com/content/v1/5f3874da9e73700975a00b12/1850c6bb-f5f1-41d5-902c-c0ed4fb1d221/7.png?format=1500w → 200 (88ms, 12539B)
[2026-07-22T08:58:29.747Z] GET https://images.squarespace-cdn.com/content/v1/5f3874da9e73700975a00b12/dfdd766c-1bf1-4ec2-91b6-45361259b9a5/5.png?format=1500w → 200 (88ms, 12981B)
[2026-07-22T08:58:29.748Z] GET https://images.squarespace-cdn.com/content/v1/5f3874da9e73700975a00b12/5a2fb235-317b-43d8-af63-ae8c715944bf/8.png?format=1500w → 200 (96ms, 10333B)
[2026-07-22T08:58:29.748Z] GET https://images.squarespace-cdn.com/content/v1/5f3874da9e73700975a00b12/a5fec87e-ca93-4bc5-ab42-bde7dd43b7b4/4.png?format=1500w → 200 (88ms, 11167B)
[2026-07-22T08:58:29.748Z] GET https://images.squarespace-cdn.com/content/v1/5f3874da9e73700975a00b12/97ddd59c-a290-483f-a8a5-bb8d12bef63d/Up+partners+logo.png?format=1000w → 200 (98ms, 4979B)
[2026-07-22T08:58:29.748Z] GET https://images.squarespace-cdn.com/content/v1/5f3874da9e73700975a00b12/35008756-1686-47ab-a712-a8a3f052dc42/1.png?format=1500w → 200 (98ms, 15452B)
[2026-07-22T08:58:29.748Z] GET https://images.squarespace-cdn.com/content/v1/5f3874da9e73700975a00b12/e921f346-115a-41fe-ac79-e0111d9e24c5/10.png?format=1500w → 200 (98ms, 13523B)
[2026-07-22T08:58:29.748Z] GET https://images.squarespace-cdn.com/content/v1/5f3874da9e73700975a00b12/8a12b2e6-dd88-40ed-a4a6-a411c3e5d761/EHF+Fellow+Company+Logos+%281%29.png?format=1500w → 200 (100ms, 11932B)
[2026-07-22T08:58:29.748Z] GET https://images.squarespace-cdn.com/content/v1/5f3874da9e73700975a00b12/df121f2b-9767-40e0-9009-9797feaf9b71/11.png?format=1500w → 200 (96ms, 8929B)
[2026-07-22T08:58:29.748Z] GET https://images.squarespace-cdn.com/content/v1/5f3874da9e73700975a00b12/75e89f3e-1ae2-4175-afdb-247ddc403dfd/12.png?format=1500w → 200 (90ms, 12261B)
[2026-07-22T08:58:29.748Z] GET https://images.squarespace-cdn.com/content/v1/5f3874da9e73700975a00b12/2af3cfc9-c478-4f99-b1dd-d0e1b331653b/13.png?format=1500w → 200 (100ms, 16988B)
[2026-07-22T08:58:29.748Z] GET https://images.squarespace-cdn.com/content/v1/5f3874da9e73700975a00b12/26b272d2-4812-401b-8702-a8877827fee8/15.png?format=1500w → 200 (98ms, 5820B)
[2026-07-22T08:58:29.748Z] GET https://images.squarespace-cdn.com/content/v1/5f3874da9e73700975a00b12/296b11ce-d2dc-42bf-9127-a2a5a6ce5728/ceresroboticsinc_logo.jpeg?format=1000w → 200 (96ms, 4215B)
[2026-07-22T08:58:29.748Z] GET https://assets.squarespace.com/universal/scripts-compressed/88124-98b8a9c74273d635-min.en-US.js → 200 (1ms, -634B)
[2026-07-22T08:58:29.748Z] GET https://assets.squarespace.com/universal/scripts-compressed/20641-6e097976b40cda35-min.en-US.js → 200 (6ms, -634B)
[2026-07-22T08:58:29.762Z] GET https://assets.squarespace.com/universal/scripts-compressed/45779-1b560e815538deda-min.en-US.js → 200 (1ms, -606B)
[2026-07-22T08:58:54.188Z] GET https://www.hillaryinstitute.com/ → 200 (249ms, 27109B)
[2026-07-22T08:58:54.448Z] GET https://use.typekit.net/ik/W_0Yqit0J1YJo-7DJcd8cNegNPsC6873tQM5LuO2kCjfezbIfFHN4UJLFRbh52jhWD9hZR8cZQFRF2MkFRBqFA4qFemKZRjk5g7AMkG0jAFu-WsoShFGZAsude80ZkoRdhXCHKoyjamTiY8Djhy8ZYmC-Ao1Oco8if37OcBDOcu8OfG0-e8CdeBkpA80SasTiYmXZPoDSWmyScmDSeBRZPoRdhXCHKoDSWmyScmDSeBRZWFR-emqiAUTdcS0jhNlOeBRiA8XpWFR-emqiAUTdcS0jhNlOeBRiA8XpWFR-emqiAUTdcS0dcmXOeBDOcu8OeyTdeUyS18Td1FX-Wsuie90jhNlOeyTdeUyS18Td1FX-Wsuie90SaBujW48Sagyjh90jhNlOeUzjhBC-eNDifUDSWmyScmDSeBRZWFR-emqiAUTdcS0jhNlOYiaikoyjamTiY8Djhy8ZYmC-Ao1OcFzdPUaiaS0jAFu-WsoShFGZAsude80Zko0ZWbCiaiaOcBDOcu8OYiaikoG-AUCjW4o-AoDie8XiWs8OcFzdPUaiaS0-e8CdeBkpA80SasTiYmXZPoDSWmyScmDSeBRZPoRdhXCiaiaO1FUiABkZWF3jAF8ShFGZAsude80ZkoRdhXKIeZkZA81-YblShB0Sku3ScvKIcBqdh48OAiyScBldhoqOWgkdkJFdemyZam8OAizieyTjkJHdW8k-ABqOWgkdkG4f4gTIMMjMkMfH6qJk89bMg6IJMJ7fbKP-sMMeM96MKG4f4sTIMMjgKMfH6qJRcqbMg6YJMJ7fbKs-sMMeMX6MKG4fJNTIMMjIPMfH6qJvDbbMs6IJMJ7fbRMfyMfeMb6MKG4fwbuIMwjgKMfqMeH85Dogb.js → pending (?ms, ?B)
[2026-07-22T08:58:54.503Z] GET https://assets.squarespace.com/@sqs/polyfiller/1.6/modern.js → 200 (4ms, -641B)
[2026-07-22T08:58:54.526Z] GET https://assets.squarespace.com/universal/scripts-compressed/visitor-site-error-reporter-aa199afcf7c87a38-min.en-US.js → 200 (1ms, -634B)
[2026-07-22T08:58:54.526Z] GET https://assets.squarespace.com/universal/scripts-compressed/extract-css-runtime-92c0931cd0fb5795-min.en-US.js → pending (?ms, ?B)
[2026-07-22T08:58:54.526Z] GET https://assets.squarespace.com/universal/scripts-compressed/extract-css-moment-js-vendor-a5cfdec1ae227f33-min.en-US.js → 200 (6ms, -634B)
[2026-07-22T08:58:54.526Z] GET https://assets.squarespace.com/universal/scripts-compressed/cldr-resource-pack-553be5b17e9a9bde-min.en-US.js → 200 (4ms, -635B)
[2026-07-22T08:58:54.526Z] GET https://assets.squarespace.com/universal/scripts-compressed/common-vendors-stable-02f58ecdd59f8b83-min.en-US.js → 200 (7ms, -633B)
[2026-07-22T08:58:54.526Z] GET https://assets.squarespace.com/universal/scripts-compressed/common-vendors-0d9c0659469696da-min.en-US.js → pending (?ms, ?B)
[2026-07-22T08:58:54.526Z] GET https://assets.squarespace.com/universal/scripts-compressed/common-42966b1b5c5de5c4-min.en-US.js → pending (?ms, ?B)
[2026-07-22T08:58:54.526Z] GET https://assets.squarespace.com/universal/scripts-compressed/commerce-c45337da784c2369-min.en-US.js → pending (?ms, ?B)
[2026-07-22T08:58:54.526Z] GET https://assets.squarespace.com/universal/styles-compressed/commerce-d50e5960dc9fd059-min.en-US.css → 200 (84ms, 2115B)
[2026-07-22T08:58:54.526Z] GET https://assets.squarespace.com/universal/scripts-compressed/performance-59135a6165445658-min.en-US.js → pending (?ms, ?B)
[2026-07-22T08:58:54.526Z] GET https://definitions.sqspcdn.com/website-component-definition/static-assets/website.components.horizontalrule/6ca4ed8b-871d-422a-8b32-a5b556b08e2d_135/website.components.horizontalrule.styles.css → 200 (11ms, 345B)
[2026-07-22T08:58:54.526Z] GET https://definitions.sqspcdn.com/website-component-definition/static-assets/website.components.spacer/374b81e3-072e-460a-83ba-38e522d651a5_1091/website.components.spacer.styles.css → 200 (11ms, 287B)
[2026-07-22T08:58:54.526Z] GET https://definitions.sqspcdn.com/website-component-definition/static-assets/website.components.socialLinks/b371f766-ee87-4c84-aa9d-6d9785b180ee_546/website.components.socialLinks.styles.css → 200 (12ms, 2038B)
[2026-07-22T08:58:54.526Z] GET https://definitions.sqspcdn.com/website-component-definition/static-assets/website.components.horizontalrule/6ca4ed8b-871d-422a-8b32-a5b556b08e2d_135/website.components.horizontalrule.visitor.js → 200 (16ms, 3918B)
[2026-07-22T08:58:54.526Z] GET https://definitions.sqspcdn.com/website-component-definition/static-assets/website.components.spacer/374b81e3-072e-460a-83ba-38e522d651a5_1091/website.components.spacer.visitor.js → 200 (15ms, 682B)
[2026-07-22T08:58:54.526Z] GET https://definitions.sqspcdn.com/website-component-definition/static-assets/website.components.socialLinks/b371f766-ee87-4c84-aa9d-6d9785b180ee_546/website.components.socialLinks.visitor.js → 200 (15ms, 4279B)
[2026-07-22T08:58:54.526Z] GET https://static1.squarespace.com/static/sitecss/56f9fe3c40261d5bd4ebf628/315/52e96934e4b0ea14d0f64568/57c52e61d2b857370eabffbd/1142/site.css?nocustom=true → 200 (87ms, 62464B)
[2026-07-22T08:58:54.526Z] GET https://static1.squarespace.com/static/custom-css/56f9fe3c40261d5bd4ebf628/57c52e61d2b857370eabffbd/0/custom.css → 200 (86ms, 817B)
[2026-07-22T08:58:54.526Z] GET https://code.jquery.com/jquery-2.1.3.min.js → pending (?ms, ?B)
[2026-07-22T08:58:54.526Z] GET https://images.squarespace-cdn.com/content/v1/56f9fe3c40261d5bd4ebf628/1597705236711-WSM5V2NT9LMZHBGEOKCO/SS-Color-Stack.png?format=1500w → 200 (92ms, 5104B)
[2026-07-22T08:58:54.526Z] GET https://static1.squarespace.com/static/ta/52e968b5e4b04d2aa2a3bba3/1142/scripts/site-bundle.js → 200 (101ms, 36300B)
[2026-07-22T08:59:05.967Z] GET https://www.hillaryinstitute.com/universal/svg/social-accounts.svg → 200 (60ms, 119725B)
[2026-07-22T08:59:05.967Z] GET https://file.squarespace-cdn.com/content/v2/namespaces/fonts/libraries/sqsp/assets/c02dd75d-df69-4519-9bfc-eedeadf97567/latin.woff2 → 200 (22ms, 27388B)
[2026-07-22T08:59:05.967Z] GET https://file.squarespace-cdn.com/content/v2/namespaces/fonts/libraries/sqsp/assets/3ceffaf4-ecbc-434a-b31f-5ce87cca32aa/latin.woff2 → 200 (22ms, 38880B)
[2026-07-22T08:59:05.967Z] GET https://file.squarespace-cdn.com/content/v2/namespaces/fonts/libraries/sqsp/assets/c08a54ab-352f-409b-afa5-234e5ea08a15/latin.woff2 → 200 (104ms, 38880B)
[2026-07-22T08:59:05.967Z] GET https://file.squarespace-cdn.com/content/v2/namespaces/fonts/libraries/sqsp/assets/6741e9e3-7ef6-4c86-867d-2343fc85d12d/latin.woff2 → 200 (30ms, 42648B)
[2026-07-22T08:59:05.968Z] GET https://images.squarespace-cdn.com/content/v1/56f9fe3c40261d5bd4ebf628/290bff14-8e39-4514-aac7-600ea62cd516/Untitled%2Bdesign%2B%282%29.jpg?format=1500w → 200 (95ms, 47329B)
[2026-07-22T08:59:05.968Z] GET https://images.squarespace-cdn.com/content/v1/56f9fe3c40261d5bd4ebf628/9bb9e2da-b72c-4bc3-a151-e8ee25a355cd/Master+Holding+Slide.png?format=750w → 200 (336ms, 220533B)
[2026-07-22T08:59:05.968Z] GET https://images.squarespace-cdn.com/content/v1/56f9fe3c40261d5bd4ebf628/c329abd6-6662-4f3b-be38-c814c2f8635b/global-residence-index-LPdaW746WAw-unsplash.jpg?format=750w → 200 (320ms, 27159B)
[2026-07-22T08:59:05.968Z] GET https://images.squarespace-cdn.com/content/v1/56f9fe3c40261d5bd4ebf628/58d2698f-0254-4459-bbe4-8d33821dde5c/NY+day+image+post+%28LinkedIn+Post%29.png?format=750w → 200 (428ms, 800354B)
[2026-07-22T08:59:05.968Z] GET https://images.squarespace-cdn.com/content/v1/56f9fe3c40261d5bd4ebf628/04b33788-52f7-48f8-b818-b9e93c64a95c/16309+EHF+HI+Annual+Report+2024+Cover.jpg?format=750w → 200 (325ms, 61541B)
[2026-07-22T08:59:05.968Z] GET https://images.squarespace-cdn.com/content/v1/56f9fe3c40261d5bd4ebf628/3b27ac3c-ccf1-4579-9e7d-b086584bdc92/EHF+HI+Annual+Report+2023+Cover.png?format=750w → 200 (373ms, 658529B)
[2026-07-22T08:59:05.968Z] GET https://images.squarespace-cdn.com/content/v1/56f9fe3c40261d5bd4ebf628/21fdca7f-5645-4873-9991-0b63fc7eb7f9/New+Board+Directors.png?format=1500w → 200 (346ms, 876367B)
[2026-07-22T08:59:05.989Z] GET https://assets.squarespace.com/universal/scripts-compressed/50785-5da795d97049b11f-min.en-US.js → 200 (4ms, -633B)
[2026-07-22T08:59:05.989Z] GET https://assets.squarespace.com/universal/scripts-compressed/82365-7f8bed8d727a2323-min.en-US.js → 200 (4ms, -634B)
[2026-07-22T08:59:05.989Z] GET https://assets.squarespace.com/universal/scripts-compressed/51032-5b10f78cd55ee141-min.en-US.js → 200 (5ms, -635B)
[2026-07-22T08:59:05.989Z] GET https://assets.squarespace.com/universal/scripts-compressed/12650-53ff0a28f9221293-min.en-US.js → 200 (4ms, -633B)
[2026-07-22T08:59:05.989Z] GET https://assets.squarespace.com/universal/scripts-compressed/93003-12fa20f83c762315-min.en-US.js → 200 (4ms, -634B)
[2026-07-22T08:59:05.989Z] GET https://assets.squarespace.com/universal/scripts-compressed/43697-f517c2140e5fa74a-min.en-US.js → 200 (4ms, -634B)
[2026-07-22T08:59:05.989Z] GET https://assets.squarespace.com/universal/scripts-compressed/29373-ce744d4f84228bda-min.en-US.js → 200 (4ms, -634B)
[2026-07-22T08:59:05.989Z] GET https://assets.squarespace.com/universal/scripts-compressed/16975-cb4dd2489e086630-min.en-US.js → 200 (4ms, -633B)
[2026-07-22T08:59:05.989Z] GET https://assets.squarespace.com/universal/scripts-compressed/36750-0e0dcc3bf656857b-min.en-US.js → 200 (5ms, -635B)
[2026-07-22T08:59:05.989Z] GET https://assets.squarespace.com/universal/scripts-compressed/67246-c1dbeae337a9596a-min.en-US.js → 200 (88ms, 15395B)
[2026-07-22T08:59:05.989Z] GET https://assets.squarespace.com/universal/scripts-compressed/48844-845adadf960f8a75-min.en-US.js → 200 (5ms, -633B)
[2026-07-22T08:59:05.989Z] GET https://assets.squarespace.com/universal/scripts-compressed/21865-ec14ff2358ca7d1c-min.en-US.js → 200 (85ms, 8182B)
[2026-07-22T08:59:05.989Z] GET https://assets.squarespace.com/universal/styles-compressed/35ebb88013744865-min.en-US.css → 200 (3ms, -600B)
[2026-07-22T08:59:05.989Z] GET https://assets.squarespace.com/universal/scripts-compressed/async-commerce-cart-utils-7e31a7d05a3d896f-min.en-US.js → 200 (5ms, -632B)
[2026-07-22T08:59:05.989Z] GET https://assets.squarespace.com/universal/styles-compressed/8308d1793f387442-min.en-US.css → 200 (4ms, -600B)
[2026-07-22T08:59:05.989Z] GET https://assets.squarespace.com/universal/scripts-compressed/async-reserved-cart-bootstrap-6c5f32fe56aefd87-min.en-US.js → 200 (5ms, -634B)
[2026-07-22T08:59:05.989Z] GET https://assets.squarespace.com/universal/scripts-compressed/31774-e8836161f3f61b44-min.en-US.js → 200 (104ms, 2661B)
[2026-07-22T08:59:05.989Z] GET https://assets.squarespace.com/universal/scripts-compressed/48593-72c6d503355e3838-min.en-US.js → 200 (106ms, 4533B)
[2026-07-22T08:59:05.989Z] GET https://assets.squarespace.com/universal/styles-compressed/6bc1593a0581d9e7-min.en-US.css → 200 (83ms, 4842B)
[2026-07-22T08:59:05.989Z] POST https://www.hillaryinstitute.com/api/census/RecordHit → 200 (353ms, 110B)
[2026-07-22T08:59:06.686Z] GET https://images.squarespace-cdn.com/content/v1/56f9fe3c40261d5bd4ebf628/1653558758962-8NHK86EJ34LBDQPLRZTZ/image.jpg?format=2500w → 200 (88ms, 313742B)
[2026-07-22T08:59:18.883Z] GET https://use.typekit.net/af/100a67/0000000000000000775dd7d1/31/l?subset_id=2&fvd=n3&v=3 → 200 (14ms, 14958B)
[2026-07-22T08:59:18.883Z] GET https://use.typekit.net/af/7c02fe/0000000000000000775dd7dd/31/l?subset_id=2&fvd=n4&v=3 → 200 (16ms, 15151B)
[2026-07-22T08:59:18.883Z] GET https://use.typekit.net/af/c6c38a/0000000000000000775dd7d9/31/l?subset_id=2&fvd=n5&v=3 → 200 (21ms, 15666B)
[2026-07-22T08:59:18.883Z] GET https://use.typekit.net/af/f66fb7/0000000000000000775dd7d4/31/l?subset_id=2&fvd=n6&v=3 → 200 (22ms, 15854B)
[2026-07-22T08:59:18.883Z] GET https://use.typekit.net/af/71ccd4/0000000000000000775dd7da/31/l?subset_id=2&fvd=n7&v=3 → 200 (23ms, 15775B)
[2026-07-22T08:59:18.883Z] GET https://use.typekit.net/af/4c5943/0000000000000000775dd7d0/31/l?subset_id=2&fvd=i3&v=3 → 200 (23ms, 15835B)
[2026-07-22T08:59:18.883Z] GET https://use.typekit.net/af/916d55/0000000000000000775dd7cd/31/l?subset_id=2&fvd=i7&v=3 → 200 (21ms, 16980B)
[2026-07-22T08:59:18.883Z] GET https://use.typekit.net/af/1a756d/00000000000000007735d927/31/l?subset_id=2&fvd=n4&v=3 → 200 (21ms, 25971B)
[2026-07-22T08:59:18.883Z] GET https://use.typekit.net/af/2c7dfe/00000000000000007735da32/31/l?subset_id=2&fvd=n4&v=3 → 200 (22ms, 14090B)
[2026-07-22T08:59:18.883Z] GET https://use.typekit.net/af/ce0708/00000000000000007735d91b/31/l?subset_id=2&fvd=n6&v=3 → 200 (33ms, 19751B)
[2026-07-22T08:59:18.918Z] GET https://p.typekit.net/p.gif?s=2&k=646866_56f9fe3c40261d5bd4ebf628&ht=tk&h=www.hillaryinstitute.com&f=13456.10954.13458.13460.13454.13457.13455.6771.1344.6852&a=646866&js=1.21.0&app=typekit&e=js&_=1784710758918 → 200 (13ms, 205B)
[2026-07-22T08:59:48.919Z] POST https://performance.squarespace.com/api/v1/records → 200 (324ms, 65B)
[2026-07-22T08:59:58.216Z] GET https://www.hillaryinstitute.com/ → 200 (249ms, 214B)
[2026-07-22T08:59:58.468Z] POST https://performance.squarespace.com/api/v1/records → pending (?ms, ?B)
[2026-07-22T08:59:58.470Z] GET https://use.typekit.net/ik/W_0Yqit0J1YJo-7DJcd8cNegNPsC6873tQM5LuO2kCjfezbIfFHN4UJLFRbh52jhWD9hZR8cZQFRF2MkFRBqFA4qFemKZRjk5g7AMkG0jAFu-WsoShFGZAsude80ZkoRdhXCHKoyjamTiY8Djhy8ZYmC-Ao1Oco8if37OcBDOcu8OfG0-e8CdeBkpA80SasTiYmXZPoDSWmyScmDSeBRZPoRdhXCHKoDSWmyScmDSeBRZWFR-emqiAUTdcS0jhNlOeBRiA8XpWFR-emqiAUTdcS0jhNlOeBRiA8XpWFR-emqiAUTdcS0dcmXOeBDOcu8OeyTdeUyS18Td1FX-Wsuie90jhNlOeyTdeUyS18Td1FX-Wsuie90SaBujW48Sagyjh90jhNlOeUzjhBC-eNDifUDSWmyScmDSeBRZWFR-emqiAUTdcS0jhNlOYiaikoyjamTiY8Djhy8ZYmC-Ao1OcFzdPUaiaS0jAFu-WsoShFGZAsude80Zko0ZWbCiaiaOcBDOcu8OYiaikoG-AUCjW4o-AoDie8XiWs8OcFzdPUaiaS0-e8CdeBkpA80SasTiYmXZPoDSWmyScmDSeBRZPoRdhXCiaiaO1FUiABkZWF3jAF8ShFGZAsude80ZkoRdhXKIeZkZA81-YblShB0Sku3ScvKIcBqdh48OAiyScBldhoqOWgkdkJFdemyZam8OAizieyTjkJHdW8k-ABqOWgkdkG4f4gTIMMjMkMfH6qJk89bMg6IJMJ7fbKP-sMMeM96MKG4f4sTIMMjgKMfH6qJRcqbMg6YJMJ7fbKs-sMMeMX6MKG4fJNTIMMjIPMfH6qJvDbbMs6IJMJ7fbRMfyMfeMb6MKG4fwbuIMwjgKMfqMeH85Dogb.js → 200 (1ms, -431B)
[2026-07-22T08:59:58.472Z] GET https://assets.squarespace.com/@sqs/polyfiller/1.6/modern.js → 200 (?ms, -641B)
[2026-07-22T08:59:58.472Z] GET https://assets.squarespace.com/universal/scripts-compressed/visitor-site-error-reporter-aa199afcf7c87a38-min.en-US.js → 200 (?ms, -634B)
[2026-07-22T08:59:58.472Z] GET https://assets.squarespace.com/universal/scripts-compressed/extract-css-runtime-92c0931cd0fb5795-min.en-US.js → 200 (?ms, -634B)
[2026-07-22T08:59:58.472Z] GET https://assets.squarespace.com/universal/scripts-compressed/extract-css-moment-js-vendor-a5cfdec1ae227f33-min.en-US.js → 200 (?ms, -634B)
[2026-07-22T08:59:58.472Z] GET https://assets.squarespace.com/universal/scripts-compressed/cldr-resource-pack-553be5b17e9a9bde-min.en-US.js → 200 (?ms, -635B)
[2026-07-22T08:59:58.472Z] GET https://assets.squarespace.com/universal/scripts-compressed/common-vendors-stable-02f58ecdd59f8b83-min.en-US.js → 200 (?ms, -633B)
[2026-07-22T08:59:58.472Z] GET https://assets.squarespace.com/universal/scripts-compressed/common-vendors-0d9c0659469696da-min.en-US.js → 200 (?ms, -633B)
[2026-07-22T08:59:58.472Z] GET https://assets.squarespace.com/universal/scripts-compressed/common-42966b1b5c5de5c4-min.en-US.js → 200 (?ms, -633B)
[2026-07-22T08:59:58.472Z] GET https://assets.squarespace.com/universal/scripts-compressed/commerce-c45337da784c2369-min.en-US.js → 200 (?ms, -633B)
[2026-07-22T08:59:58.472Z] GET https://assets.squarespace.com/universal/styles-compressed/commerce-d50e5960dc9fd059-min.en-US.css → 200 (?ms, -630B)
[2026-07-22T08:59:58.472Z] GET https://assets.squarespace.com/universal/scripts-compressed/performance-59135a6165445658-min.en-US.js → 200 (1ms, -634B)
[2026-07-22T08:59:58.473Z] GET https://definitions.sqspcdn.com/website-component-definition/static-assets/website.components.horizontalrule/6ca4ed8b-871d-422a-8b32-a5b556b08e2d_135/website.components.horizontalrule.styles.css → 200 (?ms, -697B)
[2026-07-22T08:59:58.473Z] GET https://definitions.sqspcdn.com/website-component-definition/static-assets/website.components.spacer/374b81e3-072e-460a-83ba-38e522d651a5_1091/website.components.spacer.styles.css → 200 (?ms, -697B)
[2026-07-22T08:59:58.473Z] GET https://definitions.sqspcdn.com/website-component-definition/static-assets/website.components.socialLinks/b371f766-ee87-4c84-aa9d-6d9785b180ee_546/website.components.socialLinks.styles.css → 200 (?ms, -753B)
[2026-07-22T08:59:58.473Z] GET https://definitions.sqspcdn.com/website-component-definition/static-assets/website.components.horizontalrule/6ca4ed8b-871d-422a-8b32-a5b556b08e2d_135/website.components.horizontalrule.visitor.js → 200 (?ms, -774B)
[2026-07-22T08:59:58.473Z] GET https://definitions.sqspcdn.com/website-component-definition/static-assets/website.components.spacer/374b81e3-072e-460a-83ba-38e522d651a5_1091/website.components.spacer.visitor.js → 200 (?ms, -711B)
[2026-07-22T08:59:58.473Z] GET https://definitions.sqspcdn.com/website-component-definition/static-assets/website.components.socialLinks/b371f766-ee87-4c84-aa9d-6d9785b180ee_546/website.components.socialLinks.visitor.js → 200 (?ms, -760B)
[2026-07-22T08:59:58.473Z] GET https://static1.squarespace.com/static/sitecss/56f9fe3c40261d5bd4ebf628/315/52e96934e4b0ea14d0f64568/57c52e61d2b857370eabffbd/1142/site.css?nocustom=true → 200 (?ms, -559B)
[2026-07-22T08:59:58.473Z] GET https://static1.squarespace.com/static/custom-css/56f9fe3c40261d5bd4ebf628/57c52e61d2b857370eabffbd/0/custom.css → 200 (?ms, -556B)
[2026-07-22T08:59:58.473Z] GET https://code.jquery.com/jquery-2.1.3.min.js → 200 (?ms, -622B)
[2026-07-22T08:59:58.473Z] GET https://images.squarespace-cdn.com/content/v1/56f9fe3c40261d5bd4ebf628/1597705236711-WSM5V2NT9LMZHBGEOKCO/SS-Color-Stack.png?format=1500w → 200 (?ms, -612B)
[2026-07-22T08:59:58.474Z] GET https://static1.squarespace.com/static/ta/52e968b5e4b04d2aa2a3bba3/1142/scripts/site-bundle.js → 200 (?ms, -575B)
[2026-07-22T08:59:58.527Z] GET https://file.squarespace-cdn.com/content/v2/namespaces/fonts/libraries/sqsp/assets/c08a54ab-352f-409b-afa5-234e5ea08a15/latin.woff2 → 200 (?ms, -472B)
[2026-07-22T08:59:58.527Z] GET https://file.squarespace-cdn.com/content/v2/namespaces/fonts/libraries/sqsp/assets/c02dd75d-df69-4519-9bfc-eedeadf97567/latin.woff2 → 200 (?ms, -471B)
[2026-07-22T08:59:58.527Z] GET https://file.squarespace-cdn.com/content/v2/namespaces/fonts/libraries/sqsp/assets/6741e9e3-7ef6-4c86-867d-2343fc85d12d/latin.woff2 → 200 (?ms, -472B)
[2026-07-22T08:59:58.527Z] GET https://file.squarespace-cdn.com/content/v2/namespaces/fonts/libraries/sqsp/assets/3ceffaf4-ecbc-434a-b31f-5ce87cca32aa/latin.woff2 → 200 (?ms, -472B)
[2026-07-22T08:59:58.529Z] GET https://use.typekit.net/af/100a67/0000000000000000775dd7d1/31/l?subset_id=2&fvd=n3&v=3 → 200 (?ms, -365B)
[2026-07-22T08:59:58.529Z] GET https://use.typekit.net/af/7c02fe/0000000000000000775dd7dd/31/l?subset_id=2&fvd=n4&v=3 → 200 (?ms, -365B)
[2026-07-22T08:59:58.530Z] GET https://use.typekit.net/af/c6c38a/0000000000000000775dd7d9/31/l?subset_id=2&fvd=n5&v=3 → 200 (?ms, -365B)
[2026-07-22T08:59:58.530Z] GET https://use.typekit.net/af/f66fb7/0000000000000000775dd7d4/31/l?subset_id=2&fvd=n6&v=3 → 200 (?ms, -365B)
[2026-07-22T08:59:58.530Z] GET https://use.typekit.net/af/71ccd4/0000000000000000775dd7da/31/l?subset_id=2&fvd=n7&v=3 → 200 (?ms, -365B)
[2026-07-22T08:59:58.530Z] GET https://use.typekit.net/af/4c5943/0000000000000000775dd7d0/31/l?subset_id=2&fvd=i3&v=3 → 200 (?ms, -365B)
[2026-07-22T08:59:58.530Z] GET https://use.typekit.net/af/916d55/0000000000000000775dd7cd/31/l?subset_id=2&fvd=i7&v=3 → 200 (?ms, -365B)
[2026-07-22T08:59:58.530Z] GET https://use.typekit.net/af/1a756d/00000000000000007735d927/31/l?subset_id=2&fvd=n4&v=3 → 200 (?ms, -365B)
[2026-07-22T08:59:58.530Z] GET https://use.typekit.net/af/2c7dfe/00000000000000007735da32/31/l?subset_id=2&fvd=n4&v=3 → 200 (?ms, -365B)
[2026-07-22T08:59:58.530Z] GET https://use.typekit.net/af/ce0708/00000000000000007735d91b/31/l?subset_id=2&fvd=n6&v=3 → 200 (?ms, -365B)
[2026-07-22T08:59:58.530Z] GET https://p.typekit.net/p.gif?s=2&k=646866_56f9fe3c40261d5bd4ebf628&ht=tk&h=www.hillaryinstitute.com&f=13456.10954.13458.13460.13454.13457.13455.6771.1344.6852&a=646866&js=1.21.0&app=typekit&e=js&_=1784710798528 → 200 (16ms, 205B)
[2026-07-22T08:59:58.537Z] GET https://images.squarespace-cdn.com/content/v1/56f9fe3c40261d5bd4ebf628/290bff14-8e39-4514-aac7-600ea62cd516/Untitled%2Bdesign%2B%282%29.jpg?format=1500w → 200 (?ms, -613B)
[2026-07-22T08:59:58.537Z] GET https://images.squarespace-cdn.com/content/v1/56f9fe3c40261d5bd4ebf628/9bb9e2da-b72c-4bc3-a151-e8ee25a355cd/Master+Holding+Slide.png?format=750w → 200 (?ms, -617B)
[2026-07-22T08:59:58.537Z] GET https://images.squarespace-cdn.com/content/v1/56f9fe3c40261d5bd4ebf628/c329abd6-6662-4f3b-be38-c814c2f8635b/global-residence-index-LPdaW746WAw-unsplash.jpg?format=750w → 200 (?ms, -617B)
[2026-07-22T08:59:58.537Z] GET https://images.squarespace-cdn.com/content/v1/56f9fe3c40261d5bd4ebf628/58d2698f-0254-4459-bbe4-8d33821dde5c/NY+day+image+post+%28LinkedIn+Post%29.png?format=750w → 200 (?ms, -619B)
[2026-07-22T08:59:58.537Z] GET https://images.squarespace-cdn.com/content/v1/56f9fe3c40261d5bd4ebf628/04b33788-52f7-48f8-b818-b9e93c64a95c/16309+EHF+HI+Annual+Report+2024+Cover.jpg?format=750w → 200 (?ms, -618B)
[2026-07-22T08:59:58.537Z] GET https://images.squarespace-cdn.com/content/v1/56f9fe3c40261d5bd4ebf628/3b27ac3c-ccf1-4579-9e7d-b086584bdc92/EHF+HI+Annual+Report+2023+Cover.png?format=750w → 200 (?ms, -616B)
[2026-07-22T08:59:58.537Z] GET https://images.squarespace-cdn.com/content/v1/56f9fe3c40261d5bd4ebf628/21fdca7f-5645-4873-9991-0b63fc7eb7f9/New+Board+Directors.png?format=1500w → 200 (?ms, -616B)
[2026-07-22T08:59:58.545Z] GET https://assets.squarespace.com/universal/scripts-compressed/50785-5da795d97049b11f-min.en-US.js → 200 (?ms, -633B)
[2026-07-22T08:59:58.545Z] GET https://assets.squarespace.com/universal/scripts-compressed/82365-7f8bed8d727a2323-min.en-US.js → 200 (?ms, -634B)
[2026-07-22T08:59:58.545Z] GET https://assets.squarespace.com/universal/scripts-compressed/51032-5b10f78cd55ee141-min.en-US.js → 200 (?ms, -635B)
[2026-07-22T08:59:58.545Z] GET https://assets.squarespace.com/universal/scripts-compressed/12650-53ff0a28f9221293-min.en-US.js → 200 (?ms, -633B)
[2026-07-22T08:59:58.545Z] GET https://assets.squarespace.com/universal/scripts-compressed/93003-12fa20f83c762315-min.en-US.js → 200 (?ms, -634B)
[2026-07-22T08:59:58.545Z] GET https://assets.squarespace.com/universal/scripts-compressed/43697-f517c2140e5fa74a-min.en-US.js → 200 (1ms, -634B)
[2026-07-22T08:59:58.546Z] GET https://assets.squarespace.com/universal/scripts-compressed/29373-ce744d4f84228bda-min.en-US.js → 200 (?ms, -634B)
[2026-07-22T08:59:58.546Z] GET https://assets.squarespace.com/universal/scripts-compressed/16975-cb4dd2489e086630-min.en-US.js → 200 (?ms, -633B)
[2026-07-22T08:59:58.546Z] GET https://assets.squarespace.com/universal/scripts-compressed/36750-0e0dcc3bf656857b-min.en-US.js → 200 (?ms, -635B)
[2026-07-22T08:59:58.546Z] GET https://assets.squarespace.com/universal/scripts-compressed/67246-c1dbeae337a9596a-min.en-US.js → 200 (?ms, -635B)
[2026-07-22T08:59:58.546Z] GET https://assets.squarespace.com/universal/scripts-compressed/48844-845adadf960f8a75-min.en-US.js → 200 (?ms, -633B)
[2026-07-22T08:59:58.546Z] GET https://assets.squarespace.com/universal/scripts-compressed/21865-ec14ff2358ca7d1c-min.en-US.js → 200 (?ms, -634B)
[2026-07-22T08:59:58.546Z] GET https://assets.squarespace.com/universal/styles-compressed/35ebb88013744865-min.en-US.css → 200 (?ms, -600B)
[2026-07-22T08:59:58.546Z] GET https://assets.squarespace.com/universal/scripts-compressed/async-commerce-cart-utils-7e31a7d05a3d896f-min.en-US.js → 200 (?ms, -632B)
[2026-07-22T08:59:58.546Z] GET https://assets.squarespace.com/universal/styles-compressed/8308d1793f387442-min.en-US.css → 200 (?ms, -600B)
[2026-07-22T08:59:58.546Z] GET https://assets.squarespace.com/universal/scripts-compressed/async-reserved-cart-bootstrap-6c5f32fe56aefd87-min.en-US.js → 200 (?ms, -634B)
[2026-07-22T08:59:58.546Z] GET https://assets.squarespace.com/universal/scripts-compressed/31774-e8836161f3f61b44-min.en-US.js → 200 (?ms, -631B)
[2026-07-22T08:59:58.546Z] GET https://assets.squarespace.com/universal/scripts-compressed/48593-72c6d503355e3838-min.en-US.js → 200 (?ms, -629B)
[2026-07-22T08:59:58.546Z] GET https://assets.squarespace.com/universal/styles-compressed/6bc1593a0581d9e7-min.en-US.css → 200 (?ms, -599B)
[2026-07-22T08:59:58.546Z] POST https://www.hillaryinstitute.com/api/census/RecordHit → pending (?ms, ?B)
[2026-07-22T08:59:58.582Z] GET https://images.squarespace-cdn.com/content/v1/56f9fe3c40261d5bd4ebf628/1653558758962-8NHK86EJ34LBDQPLRZTZ/image.jpg?format=2500w → 200 (?ms, -614B)
[2026-07-22T09:00:14.579Z] GET https://images.squarespace-cdn.com/content/v1/56f9fe3c40261d5bd4ebf628/a7d3d1ee-a1b4-4da7-bbb8-0da99255d2d5/vanessa+nakate+1500x700-01.png?format=1500w → pending (?ms, ?B)
[2026-07-22T09:00:28.585Z] POST https://tracing.squarespace.com/v1/logs → pending (?ms, ?B)
[2026-07-22T09:00:28.585Z] POST https://performance.squarespace.com/api/v1/records → pending (?ms, ?B)
[2026-07-22T09:01:25.279Z] GET https://www.hillaryinstitute.com/ → 200 (274ms, 214B)
[2026-07-22T09:01:25.555Z] POST https://performance.squarespace.com/api/v1/records → pending (?ms, ?B)
[2026-07-22T09:01:25.557Z] GET https://use.typekit.net/ik/W_0Yqit0J1YJo-7DJcd8cNegNPsC6873tQM5LuO2kCjfezbIfFHN4UJLFRbh52jhWD9hZR8cZQFRF2MkFRBqFA4qFemKZRjk5g7AMkG0jAFu-WsoShFGZAsude80ZkoRdhXCHKoyjamTiY8Djhy8ZYmC-Ao1Oco8if37OcBDOcu8OfG0-e8CdeBkpA80SasTiYmXZPoDSWmyScmDSeBRZPoRdhXCHKoDSWmyScmDSeBRZWFR-emqiAUTdcS0jhNlOeBRiA8XpWFR-emqiAUTdcS0jhNlOeBRiA8XpWFR-emqiAUTdcS0dcmXOeBDOcu8OeyTdeUyS18Td1FX-Wsuie90jhNlOeyTdeUyS18Td1FX-Wsuie90SaBujW48Sagyjh90jhNlOeUzjhBC-eNDifUDSWmyScmDSeBRZWFR-emqiAUTdcS0jhNlOYiaikoyjamTiY8Djhy8ZYmC-Ao1OcFzdPUaiaS0jAFu-WsoShFGZAsude80Zko0ZWbCiaiaOcBDOcu8OYiaikoG-AUCjW4o-AoDie8XiWs8OcFzdPUaiaS0-e8CdeBkpA80SasTiYmXZPoDSWmyScmDSeBRZPoRdhXCiaiaO1FUiABkZWF3jAF8ShFGZAsude80ZkoRdhXKIeZkZA81-YblShB0Sku3ScvKIcBqdh48OAiyScBldhoqOWgkdkJFdemyZam8OAizieyTjkJHdW8k-ABqOWgkdkG4f4gTIMMjMkMfH6qJk89bMg6IJMJ7fbKP-sMMeM96MKG4f4sTIMMjgKMfH6qJRcqbMg6YJMJ7fbKs-sMMeMX6MKG4fJNTIMMjIPMfH6qJvDbbMs6IJMJ7fbRMfyMfeMb6MKG4fwbuIMwjgKMfqMeH85Dogb.js → 200 (?ms, -431B)
[2026-07-22T09:01:25.558Z] GET https://assets.squarespace.com/@sqs/polyfiller/1.6/modern.js → 200 (?ms, -641B)
[2026-07-22T09:01:25.558Z] GET https://assets.squarespace.com/universal/scripts-compressed/visitor-site-error-reporter-aa199afcf7c87a38-min.en-US.js → 200 (?ms, -634B)
[2026-07-22T09:01:25.558Z] GET https://assets.squarespace.com/universal/scripts-compressed/extract-css-runtime-92c0931cd0fb5795-min.en-US.js → 200 (?ms, -634B)
[2026-07-22T09:01:25.558Z] GET https://assets.squarespace.com/universal/scripts-compressed/extract-css-moment-js-vendor-a5cfdec1ae227f33-min.en-US.js → 200 (?ms, -634B)
[2026-07-22T09:01:25.558Z] GET https://assets.squarespace.com/universal/scripts-compressed/cldr-resource-pack-553be5b17e9a9bde-min.en-US.js → 200 (?ms, -635B)
[2026-07-22T09:01:25.558Z] GET https://assets.squarespace.com/universal/scripts-compressed/common-vendors-stable-02f58ecdd59f8b83-min.en-US.js → 200 (?ms, -633B)
[2026-07-22T09:01:25.558Z] GET https://assets.squarespace.com/universal/scripts-compressed/common-vendors-0d9c0659469696da-min.en-US.js → 200 (?ms, -633B)
[2026-07-22T09:01:25.559Z] GET https://assets.squarespace.com/universal/scripts-compressed/common-42966b1b5c5de5c4-min.en-US.js → 200 (?ms, -633B)
[2026-07-22T09:01:25.559Z] GET https://assets.squarespace.com/universal/scripts-compressed/commerce-c45337da784c2369-min.en-US.js → 200 (?ms, -633B)
[2026-07-22T09:01:25.559Z] GET https://assets.squarespace.com/universal/styles-compressed/commerce-d50e5960dc9fd059-min.en-US.css → 200 (?ms, -630B)
[2026-07-22T09:01:25.559Z] GET https://assets.squarespace.com/universal/scripts-compressed/performance-59135a6165445658-min.en-US.js → 200 (1ms, -634B)
[2026-07-22T09:01:25.560Z] GET https://definitions.sqspcdn.com/website-component-definition/static-assets/website.components.horizontalrule/6ca4ed8b-871d-422a-8b32-a5b556b08e2d_135/website.components.horizontalrule.styles.css → 200 (?ms, -697B)
[2026-07-22T09:01:25.560Z] GET https://definitions.sqspcdn.com/website-component-definition/static-assets/website.components.spacer/374b81e3-072e-460a-83ba-38e522d651a5_1091/website.components.spacer.styles.css → 200 (?ms, -697B)
[2026-07-22T09:01:25.560Z] GET https://definitions.sqspcdn.com/website-component-definition/static-assets/website.components.socialLinks/b371f766-ee87-4c84-aa9d-6d9785b180ee_546/website.components.socialLinks.styles.css → 200 (?ms, -753B)
[2026-07-22T09:01:25.560Z] GET https://definitions.sqspcdn.com/website-component-definition/static-assets/website.components.horizontalrule/6ca4ed8b-871d-422a-8b32-a5b556b08e2d_135/website.components.horizontalrule.visitor.js → 200 (?ms, -774B)
[2026-07-22T09:01:25.560Z] GET https://definitions.sqspcdn.com/website-component-definition/static-assets/website.components.spacer/374b81e3-072e-460a-83ba-38e522d651a5_1091/website.components.spacer.visitor.js → 200 (?ms, -711B)
[2026-07-22T09:01:25.560Z] GET https://definitions.sqspcdn.com/website-component-definition/static-assets/website.components.socialLinks/b371f766-ee87-4c84-aa9d-6d9785b180ee_546/website.components.socialLinks.visitor.js → 200 (?ms, -760B)
[2026-07-22T09:01:25.560Z] GET https://static1.squarespace.com/static/sitecss/56f9fe3c40261d5bd4ebf628/315/52e96934e4b0ea14d0f64568/57c52e61d2b857370eabffbd/1142/site.css?nocustom=true → 200 (?ms, -559B)
[2026-07-22T09:01:25.560Z] GET https://static1.squarespace.com/static/custom-css/56f9fe3c40261d5bd4ebf628/57c52e61d2b857370eabffbd/0/custom.css → 200 (?ms, -556B)
[2026-07-22T09:01:25.560Z] GET https://code.jquery.com/jquery-2.1.3.min.js → 200 (?ms, -622B)
[2026-07-22T09:01:25.560Z] GET https://images.squarespace-cdn.com/content/v1/56f9fe3c40261d5bd4ebf628/1597705236711-WSM5V2NT9LMZHBGEOKCO/SS-Color-Stack.png?format=1500w → 200 (?ms, -612B)
[2026-07-22T09:01:25.560Z] GET https://static1.squarespace.com/static/ta/52e968b5e4b04d2aa2a3bba3/1142/scripts/site-bundle.js → 200 (?ms, -575B)
[2026-07-22T09:01:25.588Z] GET https://file.squarespace-cdn.com/content/v2/namespaces/fonts/libraries/sqsp/assets/c08a54ab-352f-409b-afa5-234e5ea08a15/latin.woff2 → 200 (?ms, -472B)
[2026-07-22T09:01:25.588Z] GET https://file.squarespace-cdn.com/content/v2/namespaces/fonts/libraries/sqsp/assets/c02dd75d-df69-4519-9bfc-eedeadf97567/latin.woff2 → 200 (?ms, -471B)
[2026-07-22T09:01:25.588Z] GET https://file.squarespace-cdn.com/content/v2/namespaces/fonts/libraries/sqsp/assets/6741e9e3-7ef6-4c86-867d-2343fc85d12d/latin.woff2 → 200 (?ms, -472B)
[2026-07-22T09:01:25.588Z] GET https://file.squarespace-cdn.com/content/v2/namespaces/fonts/libraries/sqsp/assets/3ceffaf4-ecbc-434a-b31f-5ce87cca32aa/latin.woff2 → 200 (?ms, -472B)
[2026-07-22T09:01:25.590Z] GET https://use.typekit.net/af/100a67/0000000000000000775dd7d1/31/l?subset_id=2&fvd=n3&v=3 → 200 (?ms, -365B)
[2026-07-22T09:01:25.590Z] GET https://use.typekit.net/af/7c02fe/0000000000000000775dd7dd/31/l?subset_id=2&fvd=n4&v=3 → 200 (?ms, -365B)
[2026-07-22T09:01:25.590Z] GET https://use.typekit.net/af/c6c38a/0000000000000000775dd7d9/31/l?subset_id=2&fvd=n5&v=3 → 200 (?ms, -365B)
[2026-07-22T09:01:25.590Z] GET https://use.typekit.net/af/f66fb7/0000000000000000775dd7d4/31/l?subset_id=2&fvd=n6&v=3 → 200 (?ms, -365B)
[2026-07-22T09:01:25.590Z] GET https://use.typekit.net/af/71ccd4/0000000000000000775dd7da/31/l?subset_id=2&fvd=n7&v=3 → 200 (?ms, -365B)
[2026-07-22T09:01:25.590Z] GET https://use.typekit.net/af/4c5943/0000000000000000775dd7d0/31/l?subset_id=2&fvd=i3&v=3 → 200 (?ms, -365B)
[2026-07-22T09:01:25.590Z] GET https://use.typekit.net/af/916d55/0000000000000000775dd7cd/31/l?subset_id=2&fvd=i7&v=3 → 200 (?ms, -365B)
[2026-07-22T09:01:25.590Z] GET https://use.typekit.net/af/1a756d/00000000000000007735d927/31/l?subset_id=2&fvd=n4&v=3 → 200 (?ms, -365B)
[2026-07-22T09:01:25.590Z] GET https://use.typekit.net/af/2c7dfe/00000000000000007735da32/31/l?subset_id=2&fvd=n4&v=3 → 200 (?ms, -365B)
[2026-07-22T09:01:25.590Z] GET https://use.typekit.net/af/ce0708/00000000000000007735d91b/31/l?subset_id=2&fvd=n6&v=3 → 200 (?ms, -365B)
[2026-07-22T09:01:25.590Z] GET https://p.typekit.net/p.gif?s=2&k=646866_56f9fe3c40261d5bd4ebf628&ht=tk&h=www.hillaryinstitute.com&f=13456.10954.13458.13460.13454.13457.13455.6771.1344.6852&a=646866&js=1.21.0&app=typekit&e=js&_=1784710885589 → 200 (16ms, 205B)
[2026-07-22T09:01:25.596Z] GET https://images.squarespace-cdn.com/content/v1/56f9fe3c40261d5bd4ebf628/290bff14-8e39-4514-aac7-600ea62cd516/Untitled%2Bdesign%2B%282%29.jpg?format=1500w → 200 (?ms, -613B)
[2026-07-22T09:01:25.596Z] GET https://images.squarespace-cdn.com/content/v1/56f9fe3c40261d5bd4ebf628/9bb9e2da-b72c-4bc3-a151-e8ee25a355cd/Master+Holding+Slide.png?format=750w → 200 (?ms, -617B)
[2026-07-22T09:01:25.596Z] GET https://images.squarespace-cdn.com/content/v1/56f9fe3c40261d5bd4ebf628/c329abd6-6662-4f3b-be38-c814c2f8635b/global-residence-index-LPdaW746WAw-unsplash.jpg?format=750w → 200 (?ms, -617B)
[2026-07-22T09:01:25.596Z] GET https://images.squarespace-cdn.com/content/v1/56f9fe3c40261d5bd4ebf628/58d2698f-0254-4459-bbe4-8d33821dde5c/NY+day+image+post+%28LinkedIn+Post%29.png?format=750w → 200 (?ms, -619B)
[2026-07-22T09:01:25.596Z] GET https://images.squarespace-cdn.com/content/v1/56f9fe3c40261d5bd4ebf628/04b33788-52f7-48f8-b818-b9e93c64a95c/16309+EHF+HI+Annual+Report+2024+Cover.jpg?format=750w → 200 (?ms, -618B)
[2026-07-22T09:01:25.596Z] GET https://images.squarespace-cdn.com/content/v1/56f9fe3c40261d5bd4ebf628/3b27ac3c-ccf1-4579-9e7d-b086584bdc92/EHF+HI+Annual+Report+2023+Cover.png?format=750w → 200 (?ms, -616B)
[2026-07-22T09:01:25.596Z] GET https://images.squarespace-cdn.com/content/v1/56f9fe3c40261d5bd4ebf628/21fdca7f-5645-4873-9991-0b63fc7eb7f9/New+Board+Directors.png?format=1500w → 200 (?ms, -616B)
[2026-07-22T09:01:25.596Z] GET https://images.squarespace-cdn.com/content/v1/56f9fe3c40261d5bd4ebf628/a7d3d1ee-a1b4-4da7-bbb8-0da99255d2d5/vanessa+nakate+1500x700-01.png?format=1500w → 200 (?ms, -619B)
[2026-07-22T09:01:25.604Z] GET https://assets.squarespace.com/universal/scripts-compressed/50785-5da795d97049b11f-min.en-US.js → 200 (?ms, -633B)
[2026-07-22T09:01:25.604Z] GET https://assets.squarespace.com/universal/scripts-compressed/82365-7f8bed8d727a2323-min.en-US.js → 200 (1ms, -634B)
[2026-07-22T09:01:25.605Z] GET https://assets.squarespace.com/universal/scripts-compressed/51032-5b10f78cd55ee141-min.en-US.js → 200 (?ms, -635B)
[2026-07-22T09:01:25.605Z] GET https://assets.squarespace.com/universal/scripts-compressed/12650-53ff0a28f9221293-min.en-US.js → 200 (?ms, -633B)
[2026-07-22T09:01:25.605Z] GET https://assets.squarespace.com/universal/scripts-compressed/93003-12fa20f83c762315-min.en-US.js → 200 (?ms, -634B)
[2026-07-22T09:01:25.605Z] GET https://assets.squarespace.com/universal/scripts-compressed/43697-f517c2140e5fa74a-min.en-US.js → 200 (?ms, -634B)
[2026-07-22T09:01:25.605Z] GET https://assets.squarespace.com/universal/scripts-compressed/29373-ce744d4f84228bda-min.en-US.js → 200 (?ms, -634B)
[2026-07-22T09:01:25.605Z] GET https://assets.squarespace.com/universal/scripts-compressed/16975-cb4dd2489e086630-min.en-US.js → 200 (?ms, -633B)
[2026-07-22T09:01:25.605Z] GET https://assets.squarespace.com/universal/scripts-compressed/36750-0e0dcc3bf656857b-min.en-US.js → 200 (?ms, -635B)
[2026-07-22T09:01:25.605Z] GET https://assets.squarespace.com/universal/scripts-compressed/67246-c1dbeae337a9596a-min.en-US.js → 200 (?ms, -635B)
[2026-07-22T09:01:25.605Z] GET https://assets.squarespace.com/universal/scripts-compressed/48844-845adadf960f8a75-min.en-US.js → 200 (?ms, -633B)
[2026-07-22T09:01:25.605Z] GET https://assets.squarespace.com/universal/scripts-compressed/21865-ec14ff2358ca7d1c-min.en-US.js → 200 (?ms, -634B)
[2026-07-22T09:01:25.605Z] GET https://assets.squarespace.com/universal/styles-compressed/35ebb88013744865-min.en-US.css → 200 (?ms, -600B)
[2026-07-22T09:01:25.605Z] GET https://assets.squarespace.com/universal/scripts-compressed/async-commerce-cart-utils-7e31a7d05a3d896f-min.en-US.js → 200 (?ms, -632B)
[2026-07-22T09:01:25.605Z] GET https://assets.squarespace.com/universal/styles-compressed/8308d1793f387442-min.en-US.css → 200 (?ms, -600B)
[2026-07-22T09:01:25.605Z] GET https://assets.squarespace.com/universal/scripts-compressed/async-reserved-cart-bootstrap-6c5f32fe56aefd87-min.en-US.js → 200 (?ms, -634B)
[2026-07-22T09:01:25.605Z] GET https://assets.squarespace.com/universal/scripts-compressed/31774-e8836161f3f61b44-min.en-US.js → 200 (?ms, -631B)
[2026-07-22T09:01:25.606Z] GET https://assets.squarespace.com/universal/scripts-compressed/48593-72c6d503355e3838-min.en-US.js → 200 (?ms, -629B)
[2026-07-22T09:01:25.606Z] GET https://assets.squarespace.com/universal/styles-compressed/6bc1593a0581d9e7-min.en-US.css → 200 (?ms, -599B)
[2026-07-22T09:01:25.606Z] POST https://www.hillaryinstitute.com/api/census/RecordHit → pending (?ms, ?B)
[2026-07-22T09:01:25.635Z] GET https://images.squarespace-cdn.com/content/v1/56f9fe3c40261d5bd4ebf628/1653558758962-8NHK86EJ34LBDQPLRZTZ/image.jpg?format=2500w → 200 (?ms, -614B)
[2026-07-22T09:01:55.638Z] POST https://performance.squarespace.com/api/v1/records → pending (?ms, ?B)
[2026-07-22T09:02:08.679Z] GET https://www.hillaryinstitute.com/ → 200 (283ms, 214B)
[2026-07-22T09:02:08.964Z] POST https://performance.squarespace.com/api/v1/records → pending (?ms, ?B)
[2026-07-22T09:02:08.966Z] GET https://use.typekit.net/ik/W_0Yqit0J1YJo-7DJcd8cNegNPsC6873tQM5LuO2kCjfezbIfFHN4UJLFRbh52jhWD9hZR8cZQFRF2MkFRBqFA4qFemKZRjk5g7AMkG0jAFu-WsoShFGZAsude80ZkoRdhXCHKoyjamTiY8Djhy8ZYmC-Ao1Oco8if37OcBDOcu8OfG0-e8CdeBkpA80SasTiYmXZPoDSWmyScmDSeBRZPoRdhXCHKoDSWmyScmDSeBRZWFR-emqiAUTdcS0jhNlOeBRiA8XpWFR-emqiAUTdcS0jhNlOeBRiA8XpWFR-emqiAUTdcS0dcmXOeBDOcu8OeyTdeUyS18Td1FX-Wsuie90jhNlOeyTdeUyS18Td1FX-Wsuie90SaBujW48Sagyjh90jhNlOeUzjhBC-eNDifUDSWmyScmDSeBRZWFR-emqiAUTdcS0jhNlOYiaikoyjamTiY8Djhy8ZYmC-Ao1OcFzdPUaiaS0jAFu-WsoShFGZAsude80Zko0ZWbCiaiaOcBDOcu8OYiaikoG-AUCjW4o-AoDie8XiWs8OcFzdPUaiaS0-e8CdeBkpA80SasTiYmXZPoDSWmyScmDSeBRZPoRdhXCiaiaO1FUiABkZWF3jAF8ShFGZAsude80ZkoRdhXKIeZkZA81-YblShB0Sku3ScvKIcBqdh48OAiyScBldhoqOWgkdkJFdemyZam8OAizieyTjkJHdW8k-ABqOWgkdkG4f4gTIMMjMkMfH6qJk89bMg6IJMJ7fbKP-sMMeM96MKG4f4sTIMMjgKMfH6qJRcqbMg6YJMJ7fbKs-sMMeMX6MKG4fJNTIMMjIPMfH6qJvDbbMs6IJMJ7fbRMfyMfeMb6MKG4fwbuIMwjgKMfqMeH85Dogb.js → 200 (1ms, -431B)
[2026-07-22T09:02:08.967Z] GET https://assets.squarespace.com/@sqs/polyfiller/1.6/modern.js → 200 (?ms, -641B)
[2026-07-22T09:02:08.967Z] GET https://assets.squarespace.com/universal/scripts-compressed/visitor-site-error-reporter-aa199afcf7c87a38-min.en-US.js → 200 (?ms, -634B)
[2026-07-22T09:02:08.967Z] GET https://assets.squarespace.com/universal/scripts-compressed/extract-css-runtime-92c0931cd0fb5795-min.en-US.js → 200 (?ms, -634B)
[2026-07-22T09:02:08.967Z] GET https://assets.squarespace.com/universal/scripts-compressed/extract-css-moment-js-vendor-a5cfdec1ae227f33-min.en-US.js → 200 (?ms, -634B)
[2026-07-22T09:02:08.967Z] GET https://assets.squarespace.com/universal/scripts-compressed/cldr-resource-pack-553be5b17e9a9bde-min.en-US.js → 200 (?ms, -635B)
[2026-07-22T09:02:08.967Z] GET https://assets.squarespace.com/universal/scripts-compressed/common-vendors-stable-02f58ecdd59f8b83-min.en-US.js → 200 (?ms, -633B)
[2026-07-22T09:02:08.968Z] GET https://assets.squarespace.com/universal/scripts-compressed/common-vendors-0d9c0659469696da-min.en-US.js → 200 (?ms, -633B)
[2026-07-22T09:02:08.968Z] GET https://assets.squarespace.com/universal/scripts-compressed/common-42966b1b5c5de5c4-min.en-US.js → 200 (?ms, -633B)
[2026-07-22T09:02:08.968Z] GET https://assets.squarespace.com/universal/scripts-compressed/commerce-c45337da784c2369-min.en-US.js → 200 (?ms, -633B)
[2026-07-22T09:02:08.968Z] GET https://assets.squarespace.com/universal/styles-compressed/commerce-d50e5960dc9fd059-min.en-US.css → 200 (?ms, -630B)
[2026-07-22T09:02:08.968Z] GET https://assets.squarespace.com/universal/scripts-compressed/performance-59135a6165445658-min.en-US.js → 200 (?ms, -634B)
[2026-07-22T09:02:08.968Z] GET https://definitions.sqspcdn.com/website-component-definition/static-assets/website.components.horizontalrule/6ca4ed8b-871d-422a-8b32-a5b556b08e2d_135/website.components.horizontalrule.styles.css → 200 (?ms, -697B)
[2026-07-22T09:02:08.968Z] GET https://definitions.sqspcdn.com/website-component-definition/static-assets/website.components.spacer/374b81e3-072e-460a-83ba-38e522d651a5_1091/website.components.spacer.styles.css → 200 (?ms, -697B)
[2026-07-22T09:02:08.968Z] GET https://definitions.sqspcdn.com/website-component-definition/static-assets/website.components.socialLinks/b371f766-ee87-4c84-aa9d-6d9785b180ee_546/website.components.socialLinks.styles.css → 200 (?ms, -753B)
[2026-07-22T09:02:08.968Z] GET https://definitions.sqspcdn.com/website-component-definition/static-assets/website.components.horizontalrule/6ca4ed8b-871d-422a-8b32-a5b556b08e2d_135/website.components.horizontalrule.visitor.js → 200 (1ms, -774B)
[2026-07-22T09:02:08.969Z] GET https://definitions.sqspcdn.com/website-component-definition/static-assets/website.components.spacer/374b81e3-072e-460a-83ba-38e522d651a5_1091/website.components.spacer.visitor.js → 200 (?ms, -711B)
[2026-07-22T09:02:08.969Z] GET https://definitions.sqspcdn.com/website-component-definition/static-assets/website.components.socialLinks/b371f766-ee87-4c84-aa9d-6d9785b180ee_546/website.components.socialLinks.visitor.js → 200 (?ms, -760B)
[2026-07-22T09:02:08.969Z] GET https://static1.squarespace.com/static/sitecss/56f9fe3c40261d5bd4ebf628/315/52e96934e4b0ea14d0f64568/57c52e61d2b857370eabffbd/1142/site.css?nocustom=true → 200 (?ms, -559B)
[2026-07-22T09:02:08.969Z] GET https://static1.squarespace.com/static/custom-css/56f9fe3c40261d5bd4ebf628/57c52e61d2b857370eabffbd/0/custom.css → 200 (?ms, -556B)
[2026-07-22T09:02:08.969Z] GET https://code.jquery.com/jquery-2.1.3.min.js → 200 (?ms, -622B)
[2026-07-22T09:02:08.969Z] GET https://images.squarespace-cdn.com/content/v1/56f9fe3c40261d5bd4ebf628/1597705236711-WSM5V2NT9LMZHBGEOKCO/SS-Color-Stack.png?format=1500w → 200 (?ms, -612B)
[2026-07-22T09:02:08.969Z] GET https://static1.squarespace.com/static/ta/52e968b5e4b04d2aa2a3bba3/1142/scripts/site-bundle.js → 200 (?ms, -575B)
[2026-07-22T09:02:08.996Z] GET https://file.squarespace-cdn.com/content/v2/namespaces/fonts/libraries/sqsp/assets/c08a54ab-352f-409b-afa5-234e5ea08a15/latin.woff2 → 200 (?ms, -472B)
[2026-07-22T09:02:08.996Z] GET https://file.squarespace-cdn.com/content/v2/namespaces/fonts/libraries/sqsp/assets/c02dd75d-df69-4519-9bfc-eedeadf97567/latin.woff2 → 200 (1ms, -471B)
[2026-07-22T09:02:08.998Z] GET https://file.squarespace-cdn.com/content/v2/namespaces/fonts/libraries/sqsp/assets/6741e9e3-7ef6-4c86-867d-2343fc85d12d/latin.woff2 → 200 (?ms, -472B)
[2026-07-22T09:02:08.998Z] GET https://file.squarespace-cdn.com/content/v2/namespaces/fonts/libraries/sqsp/assets/3ceffaf4-ecbc-434a-b31f-5ce87cca32aa/latin.woff2 → 200 (?ms, -472B)
[2026-07-22T09:02:09.000Z] GET https://use.typekit.net/af/100a67/0000000000000000775dd7d1/31/l?subset_id=2&fvd=n3&v=3 → 200 (?ms, -365B)
[2026-07-22T09:02:09.000Z] GET https://use.typekit.net/af/7c02fe/0000000000000000775dd7dd/31/l?subset_id=2&fvd=n4&v=3 → 200 (1ms, -365B)
[2026-07-22T09:02:09.001Z] GET https://use.typekit.net/af/c6c38a/0000000000000000775dd7d9/31/l?subset_id=2&fvd=n5&v=3 → 200 (?ms, -365B)
[2026-07-22T09:02:09.001Z] GET https://use.typekit.net/af/f66fb7/0000000000000000775dd7d4/31/l?subset_id=2&fvd=n6&v=3 → 200 (?ms, -365B)
[2026-07-22T09:02:09.001Z] GET https://use.typekit.net/af/71ccd4/0000000000000000775dd7da/31/l?subset_id=2&fvd=n7&v=3 → 200 (?ms, -365B)
[2026-07-22T09:02:09.001Z] GET https://use.typekit.net/af/4c5943/0000000000000000775dd7d0/31/l?subset_id=2&fvd=i3&v=3 → 200 (?ms, -365B)
[2026-07-22T09:02:09.001Z] GET https://use.typekit.net/af/916d55/0000000000000000775dd7cd/31/l?subset_id=2&fvd=i7&v=3 → 200 (?ms, -365B)
[2026-07-22T09:02:09.001Z] GET https://use.typekit.net/af/1a756d/00000000000000007735d927/31/l?subset_id=2&fvd=n4&v=3 → 200 (?ms, -365B)
[2026-07-22T09:02:09.001Z] GET https://use.typekit.net/af/2c7dfe/00000000000000007735da32/31/l?subset_id=2&fvd=n4&v=3 → 200 (?ms, -365B)
[2026-07-22T09:02:09.001Z] GET https://use.typekit.net/af/ce0708/00000000000000007735d91b/31/l?subset_id=2&fvd=n6&v=3 → 200 (?ms, -365B)
[2026-07-22T09:02:09.001Z] GET https://p.typekit.net/p.gif?s=2&k=646866_56f9fe3c40261d5bd4ebf628&ht=tk&h=www.hillaryinstitute.com&f=13456.10954.13458.13460.13454.13457.13455.6771.1344.6852&a=646866&js=1.21.0&app=typekit&e=js&_=1784710928999 → 200 (18ms, 205B)
[2026-07-22T09:02:09.008Z] GET https://images.squarespace-cdn.com/content/v1/56f9fe3c40261d5bd4ebf628/290bff14-8e39-4514-aac7-600ea62cd516/Untitled%2Bdesign%2B%282%29.jpg?format=1500w → 200 (?ms, -613B)
[2026-07-22T09:02:09.009Z] GET https://images.squarespace-cdn.com/content/v1/56f9fe3c40261d5bd4ebf628/9bb9e2da-b72c-4bc3-a151-e8ee25a355cd/Master+Holding+Slide.png?format=750w → 200 (?ms, -617B)
[2026-07-22T09:02:09.009Z] GET https://images.squarespace-cdn.com/content/v1/56f9fe3c40261d5bd4ebf628/c329abd6-6662-4f3b-be38-c814c2f8635b/global-residence-index-LPdaW746WAw-unsplash.jpg?format=750w → 200 (?ms, -617B)
[2026-07-22T09:02:09.009Z] GET https://images.squarespace-cdn.com/content/v1/56f9fe3c40261d5bd4ebf628/58d2698f-0254-4459-bbe4-8d33821dde5c/NY+day+image+post+%28LinkedIn+Post%29.png?format=750w → 200 (?ms, -619B)
[2026-07-22T09:02:09.009Z] GET https://images.squarespace-cdn.com/content/v1/56f9fe3c40261d5bd4ebf628/04b33788-52f7-48f8-b818-b9e93c64a95c/16309+EHF+HI+Annual+Report+2024+Cover.jpg?format=750w → 200 (?ms, -618B)
[2026-07-22T09:02:09.009Z] GET https://images.squarespace-cdn.com/content/v1/56f9fe3c40261d5bd4ebf628/3b27ac3c-ccf1-4579-9e7d-b086584bdc92/EHF+HI+Annual+Report+2023+Cover.png?format=750w → 200 (?ms, -616B)
[2026-07-22T09:02:09.009Z] GET https://images.squarespace-cdn.com/content/v1/56f9fe3c40261d5bd4ebf628/21fdca7f-5645-4873-9991-0b63fc7eb7f9/New+Board+Directors.png?format=1500w → 200 (?ms, -616B)
[2026-07-22T09:02:09.009Z] GET https://images.squarespace-cdn.com/content/v1/56f9fe3c40261d5bd4ebf628/a7d3d1ee-a1b4-4da7-bbb8-0da99255d2d5/vanessa+nakate+1500x700-01.png?format=1500w → 200 (?ms, -619B)
[2026-07-22T09:02:09.018Z] GET https://assets.squarespace.com/universal/scripts-compressed/50785-5da795d97049b11f-min.en-US.js → 200 (?ms, -633B)
[2026-07-22T09:02:09.018Z] GET https://assets.squarespace.com/universal/scripts-compressed/82365-7f8bed8d727a2323-min.en-US.js → 200 (?ms, -634B)
[2026-07-22T09:02:09.018Z] GET https://assets.squarespace.com/universal/scripts-compressed/51032-5b10f78cd55ee141-min.en-US.js → 200 (?ms, -635B)
[2026-07-22T09:02:09.018Z] GET https://assets.squarespace.com/universal/scripts-compressed/12650-53ff0a28f9221293-min.en-US.js → 200 (?ms, -633B)
[2026-07-22T09:02:09.018Z] GET https://assets.squarespace.com/universal/scripts-compressed/93003-12fa20f83c762315-min.en-US.js → 200 (?ms, -634B)
[2026-07-22T09:02:09.018Z] GET https://assets.squarespace.com/universal/scripts-compressed/43697-f517c2140e5fa74a-min.en-US.js → 200 (?ms, -634B)
[2026-07-22T09:02:09.018Z] GET https://assets.squarespace.com/universal/scripts-compressed/29373-ce744d4f84228bda-min.en-US.js → 200 (?ms, -634B)
[2026-07-22T09:02:09.018Z] GET https://assets.squarespace.com/universal/scripts-compressed/16975-cb4dd2489e086630-min.en-US.js → 200 (?ms, -633B)
[2026-07-22T09:02:09.018Z] GET https://assets.squarespace.com/universal/scripts-compressed/36750-0e0dcc3bf656857b-min.en-US.js → 200 (?ms, -635B)
[2026-07-22T09:02:09.018Z] GET https://assets.squarespace.com/universal/scripts-compressed/67246-c1dbeae337a9596a-min.en-US.js → 200 (?ms, -635B)
[2026-07-22T09:02:09.018Z] GET https://assets.squarespace.com/universal/scripts-compressed/48844-845adadf960f8a75-min.en-US.js → 200 (1ms, -633B)
[2026-07-22T09:02:09.019Z] GET https://assets.squarespace.com/universal/scripts-compressed/21865-ec14ff2358ca7d1c-min.en-US.js → 200 (?ms, -634B)
[2026-07-22T09:02:09.019Z] GET https://assets.squarespace.com/universal/styles-compressed/35ebb88013744865-min.en-US.css → 200 (?ms, -600B)
[2026-07-22T09:02:09.019Z] GET https://assets.squarespace.com/universal/scripts-compressed/async-commerce-cart-utils-7e31a7d05a3d896f-min.en-US.js → 200 (?ms, -632B)
[2026-07-22T09:02:09.019Z] GET https://assets.squarespace.com/universal/styles-compressed/8308d1793f387442-min.en-US.css → 200 (?ms, -600B)
[2026-07-22T09:02:09.019Z] GET https://assets.squarespace.com/universal/scripts-compressed/async-reserved-cart-bootstrap-6c5f32fe56aefd87-min.en-US.js → 200 (?ms, -634B)
[2026-07-22T09:02:09.019Z] GET https://assets.squarespace.com/universal/scripts-compressed/31774-e8836161f3f61b44-min.en-US.js → 200 (?ms, -631B)
[2026-07-22T09:02:09.019Z] GET https://assets.squarespace.com/universal/scripts-compressed/48593-72c6d503355e3838-min.en-US.js → 200 (?ms, -629B)
[2026-07-22T09:02:09.019Z] GET https://assets.squarespace.com/universal/styles-compressed/6bc1593a0581d9e7-min.en-US.css → 200 (?ms, -599B)
[2026-07-22T09:02:09.019Z] POST https://www.hillaryinstitute.com/api/census/RecordHit → 200 (367ms, 115B)
[2026-07-22T09:02:09.048Z] GET https://images.squarespace-cdn.com/content/v1/56f9fe3c40261d5bd4ebf628/1653558758962-8NHK86EJ34LBDQPLRZTZ/image.jpg?format=2500w → 200 (?ms, -614B)
[2026-07-22T09:02:39.051Z] POST https://performance.squarespace.com/api/v1/records → 200 (430ms, 65B)
[2026-07-22T09:03:28.909Z] GET https://www.hillaryinstitute.com/ → 200 (258ms, 214B)
[2026-07-22T09:03:29.169Z] POST https://performance.squarespace.com/api/v1/records → pending (?ms, ?B)
[2026-07-22T09:03:29.172Z] GET https://use.typekit.net/ik/W_0Yqit0J1YJo-7DJcd8cNegNPsC6873tQM5LuO2kCjfezbIfFHN4UJLFRbh52jhWD9hZR8cZQFRF2MkFRBqFA4qFemKZRjk5g7AMkG0jAFu-WsoShFGZAsude80ZkoRdhXCHKoyjamTiY8Djhy8ZYmC-Ao1Oco8if37OcBDOcu8OfG0-e8CdeBkpA80SasTiYmXZPoDSWmyScmDSeBRZPoRdhXCHKoDSWmyScmDSeBRZWFR-emqiAUTdcS0jhNlOeBRiA8XpWFR-emqiAUTdcS0jhNlOeBRiA8XpWFR-emqiAUTdcS0dcmXOeBDOcu8OeyTdeUyS18Td1FX-Wsuie90jhNlOeyTdeUyS18Td1FX-Wsuie90SaBujW48Sagyjh90jhNlOeUzjhBC-eNDifUDSWmyScmDSeBRZWFR-emqiAUTdcS0jhNlOYiaikoyjamTiY8Djhy8ZYmC-Ao1OcFzdPUaiaS0jAFu-WsoShFGZAsude80Zko0ZWbCiaiaOcBDOcu8OYiaikoG-AUCjW4o-AoDie8XiWs8OcFzdPUaiaS0-e8CdeBkpA80SasTiYmXZPoDSWmyScmDSeBRZPoRdhXCiaiaO1FUiABkZWF3jAF8ShFGZAsude80ZkoRdhXKIeZkZA81-YblShB0Sku3ScvKIcBqdh48OAiyScBldhoqOWgkdkJFdemyZam8OAizieyTjkJHdW8k-ABqOWgkdkG4f4gTIMMjMkMfH6qJk89bMg6IJMJ7fbKP-sMMeM96MKG4f4sTIMMjgKMfH6qJRcqbMg6YJMJ7fbKs-sMMeMX6MKG4fJNTIMMjIPMfH6qJvDbbMs6IJMJ7fbRMfyMfeMb6MKG4fwbuIMwjgKMfqMeH85Dogb.js → 200 (1ms, -431B)
[2026-07-22T09:03:29.173Z] GET https://assets.squarespace.com/@sqs/polyfiller/1.6/modern.js → 200 (?ms, -641B)
[2026-07-22T09:03:29.173Z] GET https://assets.squarespace.com/universal/scripts-compressed/visitor-site-error-reporter-aa199afcf7c87a38-min.en-US.js → 200 (?ms, -634B)
[2026-07-22T09:03:29.174Z] GET https://assets.squarespace.com/universal/scripts-compressed/extract-css-runtime-92c0931cd0fb5795-min.en-US.js → 200 (?ms, -634B)
[2026-07-22T09:03:29.174Z] GET https://assets.squarespace.com/universal/scripts-compressed/extract-css-moment-js-vendor-a5cfdec1ae227f33-min.en-US.js → 200 (?ms, -634B)
[2026-07-22T09:03:29.174Z] GET https://assets.squarespace.com/universal/scripts-compressed/cldr-resource-pack-553be5b17e9a9bde-min.en-US.js → 200 (?ms, -635B)
[2026-07-22T09:03:29.174Z] GET https://assets.squarespace.com/universal/scripts-compressed/common-vendors-stable-02f58ecdd59f8b83-min.en-US.js → 200 (?ms, -633B)
[2026-07-22T09:03:29.174Z] GET https://assets.squarespace.com/universal/scripts-compressed/common-vendors-0d9c0659469696da-min.en-US.js → 200 (?ms, -633B)
[2026-07-22T09:03:29.174Z] GET https://assets.squarespace.com/universal/scripts-compressed/common-42966b1b5c5de5c4-min.en-US.js → 200 (?ms, -633B)
[2026-07-22T09:03:29.174Z] GET https://assets.squarespace.com/universal/scripts-compressed/commerce-c45337da784c2369-min.en-US.js → 200 (?ms, -633B)
[2026-07-22T09:03:29.174Z] GET https://assets.squarespace.com/universal/styles-compressed/commerce-d50e5960dc9fd059-min.en-US.css → 200 (?ms, -630B)
[2026-07-22T09:03:29.174Z] GET https://assets.squarespace.com/universal/scripts-compressed/performance-59135a6165445658-min.en-US.js → 200 (?ms, -634B)
[2026-07-22T09:03:29.174Z] GET https://definitions.sqspcdn.com/website-component-definition/static-assets/website.components.horizontalrule/6ca4ed8b-871d-422a-8b32-a5b556b08e2d_135/website.components.horizontalrule.styles.css → 200 (?ms, -697B)
[2026-07-22T09:03:29.174Z] GET https://definitions.sqspcdn.com/website-component-definition/static-assets/website.components.spacer/374b81e3-072e-460a-83ba-38e522d651a5_1091/website.components.spacer.styles.css → 200 (?ms, -697B)
[2026-07-22T09:03:29.174Z] GET https://definitions.sqspcdn.com/website-component-definition/static-assets/website.components.socialLinks/b371f766-ee87-4c84-aa9d-6d9785b180ee_546/website.components.socialLinks.styles.css → 200 (?ms, -753B)
[2026-07-22T09:03:29.174Z] GET https://definitions.sqspcdn.com/website-component-definition/static-assets/website.components.horizontalrule/6ca4ed8b-871d-422a-8b32-a5b556b08e2d_135/website.components.horizontalrule.visitor.js → 200 (?ms, -774B)
[2026-07-22T09:03:29.174Z] GET https://definitions.sqspcdn.com/website-component-definition/static-assets/website.components.spacer/374b81e3-072e-460a-83ba-38e522d651a5_1091/website.components.spacer.visitor.js → 200 (?ms, -711B)
[2026-07-22T09:03:29.174Z] GET https://definitions.sqspcdn.com/website-component-definition/static-assets/website.components.socialLinks/b371f766-ee87-4c84-aa9d-6d9785b180ee_546/website.components.socialLinks.visitor.js → 200 (?ms, -760B)
[2026-07-22T09:03:29.175Z] GET https://static1.squarespace.com/static/sitecss/56f9fe3c40261d5bd4ebf628/315/52e96934e4b0ea14d0f64568/57c52e61d2b857370eabffbd/1142/site.css?nocustom=true → 200 (?ms, -559B)
[2026-07-22T09:03:29.175Z] GET https://static1.squarespace.com/static/custom-css/56f9fe3c40261d5bd4ebf628/57c52e61d2b857370eabffbd/0/custom.css → 200 (?ms, -556B)
[2026-07-22T09:03:29.175Z] GET https://code.jquery.com/jquery-2.1.3.min.js → 200 (?ms, -622B)
[2026-07-22T09:03:29.175Z] GET https://images.squarespace-cdn.com/content/v1/56f9fe3c40261d5bd4ebf628/1597705236711-WSM5V2NT9LMZHBGEOKCO/SS-Color-Stack.png?format=1500w → 200 (?ms, -612B)
[2026-07-22T09:03:29.175Z] GET https://static1.squarespace.com/static/ta/52e968b5e4b04d2aa2a3bba3/1142/scripts/site-bundle.js → 200 (?ms, -575B)
[2026-07-22T09:03:29.205Z] GET https://file.squarespace-cdn.com/content/v2/namespaces/fonts/libraries/sqsp/assets/c08a54ab-352f-409b-afa5-234e5ea08a15/latin.woff2 → 200 (?ms, -472B)
[2026-07-22T09:03:29.205Z] GET https://file.squarespace-cdn.com/content/v2/namespaces/fonts/libraries/sqsp/assets/c02dd75d-df69-4519-9bfc-eedeadf97567/latin.woff2 → 200 (?ms, -471B)
[2026-07-22T09:03:29.205Z] GET https://file.squarespace-cdn.com/content/v2/namespaces/fonts/libraries/sqsp/assets/6741e9e3-7ef6-4c86-867d-2343fc85d12d/latin.woff2 → 200 (?ms, -472B)
[2026-07-22T09:03:29.205Z] GET https://file.squarespace-cdn.com/content/v2/namespaces/fonts/libraries/sqsp/assets/3ceffaf4-ecbc-434a-b31f-5ce87cca32aa/latin.woff2 → 200 (?ms, -472B)
[2026-07-22T09:03:29.207Z] GET https://use.typekit.net/af/100a67/0000000000000000775dd7d1/31/l?subset_id=2&fvd=n3&v=3 → 200 (?ms, -365B)
[2026-07-22T09:03:29.207Z] GET https://use.typekit.net/af/7c02fe/0000000000000000775dd7dd/31/l?subset_id=2&fvd=n4&v=3 → 200 (?ms, -365B)
[2026-07-22T09:03:29.207Z] GET https://use.typekit.net/af/c6c38a/0000000000000000775dd7d9/31/l?subset_id=2&fvd=n5&v=3 → 200 (?ms, -365B)
[2026-07-22T09:03:29.207Z] GET https://use.typekit.net/af/f66fb7/0000000000000000775dd7d4/31/l?subset_id=2&fvd=n6&v=3 → 200 (?ms, -365B)
[2026-07-22T09:03:29.208Z] GET https://use.typekit.net/af/71ccd4/0000000000000000775dd7da/31/l?subset_id=2&fvd=n7&v=3 → 200 (?ms, -365B)
[2026-07-22T09:03:29.208Z] GET https://use.typekit.net/af/4c5943/0000000000000000775dd7d0/31/l?subset_id=2&fvd=i3&v=3 → 200 (?ms, -365B)
[2026-07-22T09:03:29.208Z] GET https://use.typekit.net/af/916d55/0000000000000000775dd7cd/31/l?subset_id=2&fvd=i7&v=3 → 200 (?ms, -365B)
[2026-07-22T09:03:29.208Z] GET https://use.typekit.net/af/1a756d/00000000000000007735d927/31/l?subset_id=2&fvd=n4&v=3 → 200 (?ms, -365B)
[2026-07-22T09:03:29.208Z] GET https://use.typekit.net/af/2c7dfe/00000000000000007735da32/31/l?subset_id=2&fvd=n4&v=3 → 200 (?ms, -365B)
[2026-07-22T09:03:29.208Z] GET https://use.typekit.net/af/ce0708/00000000000000007735d91b/31/l?subset_id=2&fvd=n6&v=3 → 200 (?ms, -365B)
[2026-07-22T09:03:29.208Z] GET https://p.typekit.net/p.gif?s=2&k=646866_56f9fe3c40261d5bd4ebf628&ht=tk&h=www.hillaryinstitute.com&f=13456.10954.13458.13460.13454.13457.13455.6771.1344.6852&a=646866&js=1.21.0&app=typekit&e=js&_=1784711009206 → 200 (16ms, 205B)
[2026-07-22T09:03:29.214Z] GET https://images.squarespace-cdn.com/content/v1/56f9fe3c40261d5bd4ebf628/290bff14-8e39-4514-aac7-600ea62cd516/Untitled%2Bdesign%2B%282%29.jpg?format=1500w → 200 (?ms, -613B)
[2026-07-22T09:03:29.214Z] GET https://images.squarespace-cdn.com/content/v1/56f9fe3c40261d5bd4ebf628/9bb9e2da-b72c-4bc3-a151-e8ee25a355cd/Master+Holding+Slide.png?format=750w → 200 (?ms, -617B)
[2026-07-22T09:03:29.214Z] GET https://images.squarespace-cdn.com/content/v1/56f9fe3c40261d5bd4ebf628/c329abd6-6662-4f3b-be38-c814c2f8635b/global-residence-index-LPdaW746WAw-unsplash.jpg?format=750w → 200 (?ms, -617B)
[2026-07-22T09:03:29.214Z] GET https://images.squarespace-cdn.com/content/v1/56f9fe3c40261d5bd4ebf628/58d2698f-0254-4459-bbe4-8d33821dde5c/NY+day+image+post+%28LinkedIn+Post%29.png?format=750w → 200 (?ms, -619B)
[2026-07-22T09:03:29.214Z] GET https://images.squarespace-cdn.com/content/v1/56f9fe3c40261d5bd4ebf628/04b33788-52f7-48f8-b818-b9e93c64a95c/16309+EHF+HI+Annual+Report+2024+Cover.jpg?format=750w → 200 (?ms, -618B)
[2026-07-22T09:03:29.214Z] GET https://images.squarespace-cdn.com/content/v1/56f9fe3c40261d5bd4ebf628/3b27ac3c-ccf1-4579-9e7d-b086584bdc92/EHF+HI+Annual+Report+2023+Cover.png?format=750w → 200 (?ms, -616B)
[2026-07-22T09:03:29.214Z] GET https://images.squarespace-cdn.com/content/v1/56f9fe3c40261d5bd4ebf628/21fdca7f-5645-4873-9991-0b63fc7eb7f9/New+Board+Directors.png?format=1500w → 200 (?ms, -616B)
[2026-07-22T09:03:29.214Z] GET https://images.squarespace-cdn.com/content/v1/56f9fe3c40261d5bd4ebf628/a7d3d1ee-a1b4-4da7-bbb8-0da99255d2d5/vanessa+nakate+1500x700-01.png?format=1500w → 200 (?ms, -619B)
[2026-07-22T09:03:29.221Z] GET https://assets.squarespace.com/universal/scripts-compressed/50785-5da795d97049b11f-min.en-US.js → 200 (1ms, -633B)
[2026-07-22T09:03:29.222Z] GET https://assets.squarespace.com/universal/scripts-compressed/82365-7f8bed8d727a2323-min.en-US.js → 200 (?ms, -634B)
[2026-07-22T09:03:29.222Z] GET https://assets.squarespace.com/universal/scripts-compressed/51032-5b10f78cd55ee141-min.en-US.js → 200 (?ms, -635B)
[2026-07-22T09:03:29.222Z] GET https://assets.squarespace.com/universal/scripts-compressed/12650-53ff0a28f9221293-min.en-US.js → 200 (?ms, -633B)
[2026-07-22T09:03:29.222Z] GET https://assets.squarespace.com/universal/scripts-compressed/93003-12fa20f83c762315-min.en-US.js → 200 (?ms, -634B)
[2026-07-22T09:03:29.222Z] GET https://assets.squarespace.com/universal/scripts-compressed/43697-f517c2140e5fa74a-min.en-US.js → 200 (?ms, -634B)
[2026-07-22T09:03:29.222Z] GET https://assets.squarespace.com/universal/scripts-compressed/29373-ce744d4f84228bda-min.en-US.js → 200 (?ms, -634B)
[2026-07-22T09:03:29.222Z] GET https://assets.squarespace.com/universal/scripts-compressed/16975-cb4dd2489e086630-min.en-US.js → 200 (?ms, -633B)
[2026-07-22T09:03:29.222Z] GET https://assets.squarespace.com/universal/scripts-compressed/36750-0e0dcc3bf656857b-min.en-US.js → 200 (?ms, -635B)
[2026-07-22T09:03:29.223Z] GET https://assets.squarespace.com/universal/scripts-compressed/67246-c1dbeae337a9596a-min.en-US.js → 200 (?ms, -635B)
[2026-07-22T09:03:29.223Z] GET https://assets.squarespace.com/universal/scripts-compressed/48844-845adadf960f8a75-min.en-US.js → 200 (?ms, -633B)
[2026-07-22T09:03:29.223Z] GET https://assets.squarespace.com/universal/scripts-compressed/21865-ec14ff2358ca7d1c-min.en-US.js → 200 (?ms, -634B)
[2026-07-22T09:03:29.223Z] GET https://assets.squarespace.com/universal/styles-compressed/35ebb88013744865-min.en-US.css → 200 (?ms, -600B)
[2026-07-22T09:03:29.223Z] GET https://assets.squarespace.com/universal/scripts-compressed/async-commerce-cart-utils-7e31a7d05a3d896f-min.en-US.js → 200 (?ms, -632B)
[2026-07-22T09:03:29.224Z] GET https://assets.squarespace.com/universal/styles-compressed/8308d1793f387442-min.en-US.css → 200 (?ms, -600B)
[2026-07-22T09:03:29.224Z] GET https://assets.squarespace.com/universal/scripts-compressed/async-reserved-cart-bootstrap-6c5f32fe56aefd87-min.en-US.js → 200 (?ms, -634B)
[2026-07-22T09:03:29.224Z] GET https://assets.squarespace.com/universal/scripts-compressed/31774-e8836161f3f61b44-min.en-US.js → 200 (?ms, -631B)
[2026-07-22T09:03:29.224Z] GET https://assets.squarespace.com/universal/scripts-compressed/48593-72c6d503355e3838-min.en-US.js → 200 (?ms, -629B)
[2026-07-22T09:03:29.224Z] GET https://assets.squarespace.com/universal/styles-compressed/6bc1593a0581d9e7-min.en-US.css → 200 (?ms, -599B)
[2026-07-22T09:03:29.224Z] POST https://www.hillaryinstitute.com/api/census/RecordHit → 200 (356ms, 115B)
[2026-07-22T09:03:29.250Z] GET https://images.squarespace-cdn.com/content/v1/56f9fe3c40261d5bd4ebf628/1653558758962-8NHK86EJ34LBDQPLRZTZ/image.jpg?format=2500w → 200 (?ms, -614B)
[2026-07-22T09:03:59.253Z] POST https://performance.squarespace.com/api/v1/records → 200 (389ms, 65B)
[2026-07-22T09:04:26.396Z] GET https://www.ehf.org/sitemap.xml → 200 (255ms, ?B)
[2026-07-22T09:04:35.183Z] GET https://www.hillaryinstitute.com/sitemap.xml → pending (?ms, ?B)
[2026-07-22T09:04:54.998Z] GET https://www.ehf.org/sitemap.xml → 200 (93ms, 54741B)
[2026-07-22T09:05:06.706Z] GET https://www.hillaryinstitute.com/sitemap.xml → 200 (270ms, 13290B)
[2026-07-22T09:05:44.660Z] GET https://www.ehf.org/fellow-directory → pending (?ms, ?B)
[2026-07-22T09:05:44.941Z] GET https://fonts.googleapis.com/css2?family=Roboto:ital,wght@0,700;0,900;1,700;1,900&family=Merriweather:ital,wght@0,300;0,700;1,300;1,700 → 200 (37ms, 2596B)
[2026-07-22T09:05:44.941Z] GET https://assets.squarespace.com/@sqs/polyfiller/1.6/modern.js → 200 (2ms, -641B)
[2026-07-22T09:05:45.028Z] GET https://assets.squarespace.com/universal/scripts-compressed/visitor-site-error-reporter-aa199afcf7c87a38-min.en-US.js → 200 (2ms, -634B)
[2026-07-22T09:05:45.028Z] GET https://assets.squarespace.com/universal/scripts-compressed/extract-css-runtime-92c0931cd0fb5795-min.en-US.js → 200 (5ms, -634B)
[2026-07-22T09:05:45.028Z] GET https://assets.squarespace.com/universal/scripts-compressed/extract-css-moment-js-vendor-a5cfdec1ae227f33-min.en-US.js → 200 (98ms, -634B)
[2026-07-22T09:05:45.029Z] GET https://assets.squarespace.com/universal/scripts-compressed/cldr-resource-pack-553be5b17e9a9bde-min.en-US.js → 200 (98ms, -635B)
[2026-07-22T09:05:45.029Z] GET https://assets.squarespace.com/universal/scripts-compressed/common-vendors-stable-02f58ecdd59f8b83-min.en-US.js → 200 (102ms, -633B)
[2026-07-22T09:05:45.029Z] GET https://assets.squarespace.com/universal/scripts-compressed/common-vendors-0d9c0659469696da-min.en-US.js → 200 (113ms, -633B)
[2026-07-22T09:05:45.029Z] GET https://assets.squarespace.com/universal/scripts-compressed/common-42966b1b5c5de5c4-min.en-US.js → 200 (157ms, -633B)
[2026-07-22T09:05:45.029Z] GET https://assets.squarespace.com/universal/scripts-compressed/performance-59135a6165445658-min.en-US.js → 200 (121ms, -634B)
[2026-07-22T09:05:45.029Z] GET https://definitions.sqspcdn.com/website-component-definition/static-assets/website.components.code/d9bb17fd-18ba-4a54-a412-55fc550e16d2_814/website.components.code.styles.css → 200 (10ms, 327B)
[2026-07-22T09:05:45.029Z] GET https://definitions.sqspcdn.com/website-component-definition/static-assets/website.components.spacer/374b81e3-072e-460a-83ba-38e522d651a5_1091/website.components.spacer.styles.css → 200 (2ms, -697B)
[2026-07-22T09:05:45.029Z] GET https://definitions.sqspcdn.com/website-component-definition/static-assets/website.components.html/82186a80-80ad-4d1e-922d-f919deb9b6e8_768/website.components.html.styles.css → 200 (10ms, 331B)
[2026-07-22T09:05:45.029Z] GET https://definitions.sqspcdn.com/website-component-definition/static-assets/website.components.socialLinks/b371f766-ee87-4c84-aa9d-6d9785b180ee_546/website.components.socialLinks.styles.css → 200 (2ms, -753B)
[2026-07-22T09:05:45.029Z] GET https://definitions.sqspcdn.com/website-component-definition/static-assets/website.components.html/82186a80-80ad-4d1e-922d-f919deb9b6e8_768/website.components.html.visitor.js → 200 (157ms, 3713B)
[2026-07-22T09:05:45.029Z] GET https://definitions.sqspcdn.com/website-component-definition/static-assets/website.components.code/d9bb17fd-18ba-4a54-a412-55fc550e16d2_814/website.components.code.visitor.js → 200 (215ms, 4726B)
[2026-07-22T09:05:45.029Z] GET https://definitions.sqspcdn.com/website-component-definition/static-assets/website.components.spacer/374b81e3-072e-460a-83ba-38e522d651a5_1091/website.components.spacer.visitor.js → 200 (157ms, -711B)
[2026-07-22T09:05:45.029Z] GET https://definitions.sqspcdn.com/website-component-definition/static-assets/website.components.socialLinks/b371f766-ee87-4c84-aa9d-6d9785b180ee_546/website.components.socialLinks.visitor.js → 200 (157ms, -760B)
[2026-07-22T09:05:45.029Z] GET https://static1.squarespace.com/static/versioned-site-css/5f3874da9e73700975a00b12/426/5c5a519771c10ba3470d8101/5f3874da9e73700975a00b34/1807/site.css?nocustom=true → 200 (93ms, 112886B)
[2026-07-22T09:05:45.029Z] GET https://static1.squarespace.com/static/vta/5c5a519771c10ba3470d8101/versioned-assets/1782485764522-Q9TRHIZ72521COUM0KFD/static.css → 200 (84ms, 40698B)
[2026-07-22T09:05:45.029Z] GET https://static1.squarespace.com/static/custom-css/5f3874da9e73700975a00b12/5f3874da9e73700975a00b34/0/custom.css → 200 (2ms, -558B)
[2026-07-22T09:05:45.029Z] GET https://ajax.googleapis.com/ajax/libs/jquery/1.9.1/jquery.min.js → 200 (4ms, -966B)
[2026-07-22T09:05:45.029Z] GET https://cdnjs.cloudflare.com/ajax/libs/jquery/3.5.1/jquery.min.js → 200 (43ms, 28660B)
[2026-07-22T09:05:45.029Z] GET https://cdnjs.cloudflare.com/ajax/libs/jquery.lazy/1.7.9/jquery.lazy.min.js → 200 (88ms, 2396B)
[2026-07-22T09:05:45.031Z] GET https://images.squarespace-cdn.com/content/v1/5f3874da9e73700975a00b12/1598311923613-QLM3MJNU1Q30HCAKGVW0/EHF+Logo+Color+Dark.png?format=1500w → 200 (2ms, -613B)
[2026-07-22T09:05:45.111Z] GET https://static1.squarespace.com/static/vta/5c5a519771c10ba3470d8101/scripts/site-bundle.3ac4db8e38074e1383b5ecad2061af25.js → 200 (133ms, -577B)
[2026-07-22T09:05:45.111Z] GET https://cdn.jsdelivr.net/npm/jquery-validation@1.19.0/dist/jquery.validate.min.js → 200 (2ms, -1072B)
[2026-07-22T09:05:45.168Z] GET https://api.knack.com/v1/pages/scene_161/views/view_490/records?page=1&rows_per_page=1000 → pending (?ms, ?B)
[2026-07-22T09:05:45.168Z] GET https://www.ehf.org/universal/svg/social-accounts.svg → 200 (2ms, -420B)
[2026-07-22T09:05:45.186Z] GET https://fonts.gstatic.com/s/merriweather/v33/u-4e0qyriQwlOrhSvowK_l5UcA6zuSYEqOzpPe3HOZJ5eX1WtLaQwmYiSeqqJ-k.woff2 → 200 (55ms, 97587B)
[2026-07-22T09:05:45.186Z] GET https://fonts.gstatic.com/s/roboto/v51/KFO7CnqEu92Fr1ME7kSn66aGLdTylUAMa3yUBA.woff2 → 200 (55ms, 43168B)
[2026-07-22T09:05:45.186Z] GET https://fonts.gstatic.com/s/merriweather/v33/u-4c0qyriQwlOrhSvowK_l5-eTxCVx0ZbwLvKH2Gk9hLmp0v5yA-xXPqCzLvF-udrA.woff2 → 200 (55ms, 100614B)
[2026-07-22T09:05:45.271Z] GET https://static1.squarespace.com/static/vta/5c5a519771c10ba3470d8101/scripts/floating-cart.333bd5aee1885e7af603.js → 200 (19ms, -578B)
[2026-07-22T09:05:45.284Z] GET https://www.google.com/recaptcha/enterprise.js?onload=__grecaptchaOnLoadCallback&render=6LdDFQwjAAAAAPigEvvPgEVbb7QBm-TkVJdDTlAv → 200 (15ms, 1104B)
[2026-07-22T09:05:45.284Z] GET https://assets.squarespace.com/universal/scripts-compressed/11789-f2c8d1776b97a3c2-min.en-US.js → 200 (87ms, 5593B)
[2026-07-22T09:05:45.284Z] GET https://assets.squarespace.com/universal/scripts-compressed/29405-8c8273531075851d-min.en-US.js → 200 (88ms, 15837B)
[2026-07-22T09:05:45.284Z] GET https://assets.squarespace.com/universal/styles-compressed/b4046463b72f34e2-min.en-US.css → 200 (86ms, 198B)
[2026-07-22T09:05:45.284Z] GET https://assets.squarespace.com/universal/scripts-compressed/search-preview-a6d9b8917354b21d-min.en-US.js → 200 (88ms, 987B)
[2026-07-22T09:05:45.284Z] GET https://assets.squarespace.com/universal/scripts-compressed/50785-5da795d97049b11f-min.en-US.js → 200 (7ms, -633B)
[2026-07-22T09:05:45.284Z] GET https://assets.squarespace.com/universal/scripts-compressed/82365-7f8bed8d727a2323-min.en-US.js → 200 (7ms, -634B)
[2026-07-22T09:05:45.284Z] GET https://assets.squarespace.com/universal/scripts-compressed/51032-5b10f78cd55ee141-min.en-US.js → 200 (13ms, -635B)
[2026-07-22T09:05:45.284Z] GET https://assets.squarespace.com/universal/scripts-compressed/12650-53ff0a28f9221293-min.en-US.js → 200 (7ms, -633B)
[2026-07-22T09:05:45.284Z] GET https://assets.squarespace.com/universal/scripts-compressed/93003-12fa20f83c762315-min.en-US.js → 200 (13ms, -634B)
[2026-07-22T09:05:45.284Z] GET https://assets.squarespace.com/universal/scripts-compressed/43697-f517c2140e5fa74a-min.en-US.js → 200 (11ms, -634B)
[2026-07-22T09:05:45.284Z] GET https://assets.squarespace.com/universal/scripts-compressed/29373-ce744d4f84228bda-min.en-US.js → 200 (12ms, -634B)
[2026-07-22T09:05:45.284Z] GET https://assets.squarespace.com/universal/scripts-compressed/16975-cb4dd2489e086630-min.en-US.js → 200 (11ms, -633B)
[2026-07-22T09:05:45.284Z] GET https://assets.squarespace.com/universal/scripts-compressed/36750-0e0dcc3bf656857b-min.en-US.js → 200 (13ms, -635B)
[2026-07-22T09:05:45.284Z] GET https://assets.squarespace.com/universal/scripts-compressed/67246-c1dbeae337a9596a-min.en-US.js → 200 (12ms, -635B)
[2026-07-22T09:05:45.284Z] GET https://assets.squarespace.com/universal/scripts-compressed/48844-845adadf960f8a75-min.en-US.js → 200 (12ms, -633B)
[2026-07-22T09:05:45.284Z] GET https://assets.squarespace.com/universal/scripts-compressed/21865-ec14ff2358ca7d1c-min.en-US.js → 200 (13ms, -634B)
[2026-07-22T09:05:45.285Z] GET https://assets.squarespace.com/universal/styles-compressed/35ebb88013744865-min.en-US.css → 200 (2ms, -600B)
[2026-07-22T09:05:45.285Z] GET https://assets.squarespace.com/universal/scripts-compressed/async-commerce-cart-utils-7e31a7d05a3d896f-min.en-US.js → 200 (12ms, -632B)
[2026-07-22T09:05:45.285Z] GET https://assets.squarespace.com/universal/styles-compressed/8308d1793f387442-min.en-US.css → 200 (3ms, -600B)
[2026-07-22T09:05:45.285Z] GET https://assets.squarespace.com/universal/scripts-compressed/async-reserved-cart-bootstrap-6c5f32fe56aefd87-min.en-US.js → 200 (11ms, -634B)
[2026-07-22T09:05:45.285Z] POST https://www.ehf.org/api/census/RecordHit → 200 (371ms, 110B)
[2026-07-22T09:05:45.285Z] POST https://www.ehf.org/api/census/form-render → 200 (380ms, 68B)
[2026-07-22T09:05:45.317Z] GET https://www.gstatic.com/recaptcha/releases/A7KpaEASfhDcK0nXxgQEyyYv/recaptcha__en.js → 200 (15ms, -888B)
[2026-07-22T09:05:45.370Z] GET https://www.google.com/recaptcha/enterprise/anchor?ar=1&k=6LdDFQwjAAAAAPigEvvPgEVbb7QBm-TkVJdDTlAv&co=aHR0cHM6Ly93d3cuZWhmLm9yZzo0NDM.&hl=en&v=A7KpaEASfhDcK0nXxgQEyyYv&size=invisible&anchor-ms=20000&execute-ms=30000&cb=q28pkz5729sv → 200 (25ms, 28308B)
[2026-07-22T09:05:45.398Z] GET https://www.gstatic.com/recaptcha/releases/A7KpaEASfhDcK0nXxgQEyyYv/styles__ltr.css → 200 (1ms, -848B)
[2026-07-22T09:05:45.398Z] GET https://www.gstatic.com/recaptcha/releases/A7KpaEASfhDcK0nXxgQEyyYv/recaptcha__en.js → 200 (16ms, -888B)
[2026-07-22T09:05:45.454Z] GET https://www.google.com/recaptcha/enterprise/webworker.js?hl=en&v=A7KpaEASfhDcK0nXxgQEyyYv → 200 (18ms, ?B)
[2026-07-22T09:05:45.459Z] GET https://www.gstatic.com/recaptcha/api2/logo_48.png → 200 (?ms, -775B)
[2026-07-22T09:05:45.459Z] GET https://fonts.gstatic.com/s/roboto/v48/KFO7CnqEu92Fr1ME7kSn66aGLdTylUAMa3yUBA.woff2 → 200 (?ms, -815B)
[2026-07-22T09:05:45.472Z] GET https://www.gstatic.com/recaptcha/releases/A7KpaEASfhDcK0nXxgQEyyYv/recaptcha__en.js → 200 (48ms, -888B)
[2026-07-22T09:05:50.105Z] GET https://s3.ap-southeast-2.amazonaws.com/ap-southeast-2-assets.knack.com/assets/63306ddbdfad5247a024eac3/60c66ec133ee78071b3cc652/original/img_8226.jpeg?tr=w-400,h-180 → pending (?ms, ?B)
[2026-07-22T09:05:50.105Z] GET https://s3.ap-southeast-2.amazonaws.com/ap-southeast-2-assets.knack.com/assets/63306ddbdfad5247a024eac3/60c66eaa33ee78071b3cc5e5/original/sam_sharesies.jpg?tr=w-400,h-180 → pending (?ms, ?B)
[2026-07-22T09:05:50.105Z] GET https://s3.ap-southeast-2.amazonaws.com/ap-southeast-2-assets.knack.com/assets/63306ddbdfad5247a024eac3/60c66d7933ee78071b3cbb54/original/kentho1.jpg?tr=w-400,h-180 → pending (?ms, ?B)
[2026-07-22T09:05:50.105Z] GET https://s3.ap-southeast-2.amazonaws.com/ap-southeast-2-assets.knack.com/assets/63306ddbdfad5247a024eac3/644aa99d798550002929f2e1/original/rsz_2dsc05755.jpg?tr=w-400,h-180 → pending (?ms, ?B)
[2026-07-22T09:05:50.135Z] GET https://s3.ap-southeast-2.amazonaws.com/ap-southeast-2-assets.knack.com/assets/63306ddbdfad5247a024eac3/63c1c5fc39185100123daf3d/original/d6e045fd4a2c491d953ed705b53f8b38.png?tr=w-400,h-180 → pending (?ms, ?B)
[2026-07-22T09:05:50.136Z] GET https://s3.ap-southeast-2.amazonaws.com/ap-southeast-2-assets.knack.com/assets/63306ddbdfad5247a024eac3/68bfae93a642f80296efcd31/original/gemini_generated_image_3dgf6m3dgf6m3dgf1.png?tr=w-400,h-180 → pending (?ms, ?B)
[2026-07-22T09:05:50.136Z] GET https://s3.ap-southeast-2.amazonaws.com/ap-southeast-2-assets.knack.com/assets/63306ddbdfad5247a024eac3/698bfc75637f5aa865bb82fc/original/rsz_mikeysquare1.jpg?tr=w-400,h-180 → pending (?ms, ?B)
[2026-07-22T09:05:50.136Z] GET https://s3.ap-southeast-2.amazonaws.com/ap-southeast-2-assets.knack.com/assets/63306ddbdfad5247a024eac3/60c66e1733ee78071b3cc2a4/original/ryanehfhead.jpg?tr=w-400,h-180 → pending (?ms, ?B)
[2026-07-22T09:05:50.136Z] GET https://s3.ap-southeast-2.amazonaws.com/ap-southeast-2-assets.knack.com/assets/63306ddbdfad5247a024eac3/60c66e9933ee78071b3cc59a/original/photocorinne.jpg?tr=w-400,h-180 → pending (?ms, ?B)
[2026-07-22T09:05:50.136Z] GET https://s3.ap-southeast-2.amazonaws.com/ap-southeast-2-assets.knack.com/assets/63306ddbdfad5247a024eac3/6453e1f64b5012002810ba2d/original/headshot_alexandra_johnes_large.jpg?tr=w-400,h-180 → pending (?ms, ?B)
[2026-07-22T09:05:50.136Z] GET https://s3.ap-southeast-2.amazonaws.com/ap-southeast-2-assets.knack.com/assets/63306ddbdfad5247a024eac3/60c66e5633ee78071b3cc461/original/rogeregancorppic.jpg?tr=w-400,h-180 → pending (?ms, ?B)
[2026-07-22T09:05:50.136Z] GET https://s3.ap-southeast-2.amazonaws.com/ap-southeast-2-assets.knack.com/assets/63306ddbdfad5247a024eac3/60c66de233ee78071b3cc069/original/yoshitomowatanabe.jpg?tr=w-400,h-180 → pending (?ms, ?B)
[2026-07-22T09:05:50.136Z] GET https://s3.ap-southeast-2.amazonaws.com/ap-southeast-2-assets.knack.com/assets/63306ddbdfad5247a024eac3/60c66e2433ee78071b3cc324/original/1516251979712.jpg?tr=w-400,h-180 → pending (?ms, ?B)
[2026-07-22T09:05:50.136Z] GET https://s3.ap-southeast-2.amazonaws.com/ap-southeast-2-assets.knack.com/assets/63306ddbdfad5247a024eac3/60c66e7533ee78071b3cc4f5/original/1517679998770.jpg?tr=w-400,h-180 → pending (?ms, ?B)
[2026-07-22T09:05:50.136Z] GET https://s3.ap-southeast-2.amazonaws.com/ap-southeast-2-assets.knack.com/assets/63306ddbdfad5247a024eac3/60c66d8b33ee78071b3cbc15/original/vickyrobertson.jpg?tr=w-400,h-180 → pending (?ms, ?B)
[2026-07-22T09:05:50.136Z] GET https://s3.ap-southeast-2.amazonaws.com/ap-southeast-2-assets.knack.com/assets/63306ddbdfad5247a024eac3/60c66e9933ee78071b3cc593/original/capture10.jpg?tr=w-400,h-180 → pending (?ms, ?B)
[2026-07-22T09:05:50.136Z] GET https://assets.squarespace.com/universal/scripts-compressed/88124-98b8a9c74273d635-min.en-US.js → 200 (?ms, -634B)
[2026-07-22T09:05:50.136Z] GET https://assets.squarespace.com/universal/scripts-compressed/20641-6e097976b40cda35-min.en-US.js → 200 (5ms, -634B)
[2026-07-22T09:05:50.149Z] GET https://assets.squarespace.com/universal/scripts-compressed/45779-1b560e815538deda-min.en-US.js → 200 (3ms, -606B)
[2026-07-22T09:06:05.626Z] GET https://www.ehf.org/read → pending (?ms, ?B)
[2026-07-22T09:06:06.537Z] POST https://performance.squarespace.com/api/v1/records → pending (?ms, ?B)
[2026-07-22T09:06:06.537Z] POST https://o109687.ingest.us.sentry.io/api/4509084831580160/envelope/?sentry_version=7&sentry_key=9fefc56cc6d4ad4ceaa4e5ab9b2d34c8&sentry_client=sentry.javascript.browser%2F9.47.1 → pending (?ms, ?B)
[2026-07-22T09:06:06.539Z] GET https://assets.squarespace.com/@sqs/polyfiller/1.6/modern.js → 200 (?ms, -641B)
[2026-07-22T09:06:06.595Z] GET https://assets.squarespace.com/universal/scripts-compressed/visitor-site-error-reporter-aa199afcf7c87a38-min.en-US.js → 200 (?ms, -634B)
[2026-07-22T09:06:06.595Z] GET https://assets.squarespace.com/universal/scripts-compressed/extract-css-runtime-ae1f73706e5e894f-min.en-US.js → pending (?ms, ?B)
[2026-07-22T09:06:06.595Z] GET https://assets.squarespace.com/universal/scripts-compressed/extract-css-moment-js-vendor-a5cfdec1ae227f33-min.en-US.js → 200 (?ms, -634B)
[2026-07-22T09:06:06.595Z] GET https://assets.squarespace.com/universal/scripts-compressed/cldr-resource-pack-553be5b17e9a9bde-min.en-US.js → 200 (?ms, -635B)
[2026-07-22T09:06:06.595Z] GET https://assets.squarespace.com/universal/scripts-compressed/common-vendors-stable-02f58ecdd59f8b83-min.en-US.js → 200 (?ms, -633B)
[2026-07-22T09:06:06.596Z] GET https://assets.squarespace.com/universal/scripts-compressed/common-vendors-c09d014622f01c24-min.en-US.js → 200 (18ms, -632B)
[2026-07-22T09:06:06.596Z] GET https://assets.squarespace.com/universal/scripts-compressed/common-baa703162673fc51-min.en-US.js → pending (?ms, ?B)
[2026-07-22T09:06:06.596Z] GET https://assets.squarespace.com/universal/scripts-compressed/performance-9f54984f013db5f3-min.en-US.js → pending (?ms, ?B)
[2026-07-22T09:06:06.596Z] GET https://definitions.sqspcdn.com/website-component-definition/static-assets/website.components.socialLinks/20c9376f-b50d-42a8-b306-6a66df1e3ded_556/website.components.socialLinks.styles.css → 200 (?ms, -752B)
[2026-07-22T09:06:06.596Z] GET https://definitions.sqspcdn.com/website-component-definition/static-assets/website.components.spacer/802b1fc6-3ad1-45bd-86fc-4095b08fa0f5_1101/website.components.spacer.styles.css → 200 (3ms, -696B)
[2026-07-22T09:06:06.596Z] GET https://definitions.sqspcdn.com/website-component-definition/static-assets/website.components.video/a4cfe662-bbd3-4dd3-8a60-9da175a7034e_523/website.components.video.styles.css → 200 (10ms, 883B)
[2026-07-22T09:06:06.596Z] GET https://definitions.sqspcdn.com/website-component-definition/static-assets/website.components.code/4d23b22c-c83c-4119-a0e0-02dddce0e63c_824/website.components.code.styles.css → 200 (10ms, 142B)
[2026-07-22T09:06:06.596Z] GET https://definitions.sqspcdn.com/website-component-definition/static-assets/website.components.html/69c9ad54-fc30-43cd-8a9f-c2c8ba7c09af_778/website.components.html.styles.css → 200 (3ms, -696B)
[2026-07-22T09:06:06.596Z] GET https://definitions.sqspcdn.com/website-component-definition/static-assets/website.components.embed/396a7575-61ad-4894-9617-dfce698e8c06_523/website.components.embed.styles.css → 200 (10ms, 319B)
[2026-07-22T09:06:06.596Z] GET https://definitions.sqspcdn.com/website-component-definition/static-assets/website.components.video/a4cfe662-bbd3-4dd3-8a60-9da175a7034e_523/website.components.video.visitor.js → 200 (54ms, 244022B)
[2026-07-22T09:06:06.596Z] GET https://definitions.sqspcdn.com/website-component-definition/static-assets/website.components.spacer/802b1fc6-3ad1-45bd-86fc-4095b08fa0f5_1101/website.components.spacer.visitor.js → 200 (36ms, -710B)
[2026-07-22T09:06:06.596Z] GET https://definitions.sqspcdn.com/website-component-definition/static-assets/website.components.code/4d23b22c-c83c-4119-a0e0-02dddce0e63c_824/website.components.code.visitor.js → 200 (53ms, 4949B)
[2026-07-22T09:06:06.596Z] GET https://definitions.sqspcdn.com/website-component-definition/static-assets/website.components.html/69c9ad54-fc30-43cd-8a9f-c2c8ba7c09af_778/website.components.html.visitor.js → 200 (36ms, -759B)
[2026-07-22T09:06:06.596Z] GET https://definitions.sqspcdn.com/website-component-definition/static-assets/website.components.video/a4cfe662-bbd3-4dd3-8a60-9da175a7034e_523/4032.js → 200 (53ms, 3075B)
[2026-07-22T09:06:06.596Z] GET https://definitions.sqspcdn.com/website-component-definition/static-assets/website.components.socialLinks/20c9376f-b50d-42a8-b306-6a66df1e3ded_556/website.components.socialLinks.visitor.js → 200 (37ms, -766B)
[2026-07-22T09:06:06.596Z] GET https://definitions.sqspcdn.com/website-component-definition/static-assets/website.components.embed/396a7575-61ad-4894-9617-dfce698e8c06_523/website.components.embed.visitor.js → 200 (54ms, 6275B)
[2026-07-22T09:06:06.596Z] GET https://static1.squarespace.com/static/versioned-site-css/5f3874da9e73700975a00b12/426/5c5a519771c10ba3470d8101/5f3874da9e73700975a00b34/1810/site.css?nocustom=true → 200 (3ms, -558B)
[2026-07-22T09:06:06.596Z] GET https://static1.squarespace.com/static/vta/5c5a519771c10ba3470d8101/versioned-assets/1784658820989-T86EF34M4QVPBBCSSFUN/static.css → 200 (10ms, -577B)
[2026-07-22T09:06:06.596Z] GET https://static1.squarespace.com/static/custom-css/5f3874da9e73700975a00b12/5f3874da9e73700975a00b34/0/custom.css → 200 (10ms, -558B)
[2026-07-22T09:06:06.596Z] GET https://ajax.googleapis.com/ajax/libs/jquery/1.9.1/jquery.min.js → 200 (?ms, -966B)
[2026-07-22T09:06:06.596Z] GET https://images.squarespace-cdn.com/content/v1/5f3874da9e73700975a00b12/1598311923613-QLM3MJNU1Q30HCAKGVW0/EHF+Logo+Color+Dark.png?format=1500w → 200 (?ms, -613B)
[2026-07-22T09:06:06.597Z] GET https://static1.squarespace.com/static/vta/5c5a519771c10ba3470d8101/scripts/site-bundle.3ac4db8e38074e1383b5ecad2061af25.js → 200 (?ms, -577B)
[2026-07-22T09:06:06.598Z] GET https://cdn.jsdelivr.net/npm/jquery-validation@1.19.0/dist/jquery.validate.min.js → 200 (?ms, -1072B)
[2026-07-22T09:06:06.632Z] GET https://file.squarespace-cdn.com/content/v2/namespaces/fonts/libraries/sqsp/assets/c5eb5305-ba43-45a4-97e1-2fcb7b175375/latin.woff2 → 200 (?ms, -447B)
[2026-07-22T09:06:06.632Z] GET https://file.squarespace-cdn.com/content/v2/namespaces/fonts/libraries/sqsp/assets/9c9641aa-f3ae-4d98-a4ce-9c9b0ab98491/symbols.woff2 → 200 (?ms, -447B)
[2026-07-22T09:06:06.632Z] GET https://file.squarespace-cdn.com/content/v2/namespaces/fonts/libraries/sqsp/assets/c0120ee3-d64a-4b32-b3e3-5944e8eb8664/latin.woff2 → 200 (?ms, -448B)
[2026-07-22T09:06:06.632Z] GET https://file.squarespace-cdn.com/content/v2/namespaces/fonts/libraries/sqsp/assets/c5ed9101-d1bb-405b-8272-982162f2dbab/latin.woff2 → 200 (?ms, -448B)
[2026-07-22T09:06:06.632Z] GET https://file.squarespace-cdn.com/content/v2/namespaces/fonts/libraries/sqsp/assets/4f12a928-ca63-4309-aafd-d553d94f3365/latin-ext.woff2 → pending (?ms, ?B)
[2026-07-22T09:06:06.632Z] GET https://images.squarespace-cdn.com/content/v1/5f3874da9e73700975a00b12/1749157566486-5BOI3J4XVBNCEBIYZNCZ/Chemergy+LinkedIn+Post+%28LinkedIn+Post%29.png?format=750w → pending (?ms, ?B)
[2026-07-22T09:06:06.632Z] GET https://images.squarespace-cdn.com/content/v1/5f3874da9e73700975a00b12/1733953966679-2SVMY1YG59QLKYPXWKE9/Biogold+LinkedIn+Post+%28LinkedIn+Post%29.png?format=750w → pending (?ms, ?B)
[2026-07-22T09:06:06.632Z] GET https://images.squarespace-cdn.com/content/v1/5f3874da9e73700975a00b12/1730932021378-D678R17K048CSNEN8GR0/Anthony+Lee+case+study_Annual+Report+Highlights+%28LinkedIn+Post%29.png?format=750w → pending (?ms, ?B)
[2026-07-22T09:06:06.632Z] GET https://images.squarespace-cdn.com/content/v1/5f3874da9e73700975a00b12/1731357318328-7JTHCFJKH8PKS64JPBMF/_Atypical+case+study_Annual+Report+Highlights+%28LinkedIn+Post%29.png?format=750w → pending (?ms, ?B)
[2026-07-22T09:06:06.632Z] GET https://images.squarespace-cdn.com/content/v1/5f3874da9e73700975a00b12/1730940947147-939G150OPSKPC1RF0H8C/Case+study+MEA_Annual+Report+Highlights+%28LinkedIn+Post%29.png?format=750w → pending (?ms, ?B)
[2026-07-22T09:06:06.632Z] GET https://images.squarespace-cdn.com/content/v1/5f3874da9e73700975a00b12/1730238191006-FOS77XW2IY7KK0L5X2FJ/Case+study+EnergyBank_Annual+Report+Highlights+%28LinkedIn+Post%29.png?format=750w → pending (?ms, ?B)
[2026-07-22T09:06:06.632Z] GET https://images.squarespace-cdn.com/content/v1/5f3874da9e73700975a00b12/1730144701269-YPDBLEEV8NBD9YE1U003/Amy+case+study_Annual+Report+Highlights+%28LinkedIn+Post%29.png?format=750w → pending (?ms, ?B)
[2026-07-22T09:06:06.632Z] GET https://images.squarespace-cdn.com/content/v1/5f3874da9e73700975a00b12/1729718676038-9VPEBKDHB9A1S73R5B0F/Case+study+Futureverse_Annual+Report+Highlights+%28Instagram+Post%29.png?format=750w → pending (?ms, ?B)
[2026-07-22T09:06:06.632Z] GET https://images.squarespace-cdn.com/content/v1/5f3874da9e73700975a00b12/1725496808914-NDJ7NT5XHB2SV44KJ7BA/Oceanworks+LinkedIn+Post+%28LinkedIn+Post%29.png?format=750w → pending (?ms, ?B)
[2026-07-22T09:06:06.632Z] GET https://images.squarespace-cdn.com/content/v1/5f3874da9e73700975a00b12/1725325653316-OZCEM3YQ1N0P6E0C9V7G/Humble+Bee+Bio+LinkedIn+Post+%28LinkedIn+Post%29.png?format=750w → pending (?ms, ?B)
[2026-07-22T09:06:06.632Z] GET https://images.squarespace-cdn.com/content/v1/5f3874da9e73700975a00b12/1724707963855-X1ULWZ8TEZKTBMEIDJ64/EarthShare+LinkedIn+Post+%28Instagram+Post%29.png?format=750w → pending (?ms, ?B)
[2026-07-22T09:06:06.632Z] GET https://images.squarespace-cdn.com/content/v1/5f3874da9e73700975a00b12/1724015315445-XFI7IGNVDKL09KVB9YNC/UsedFULLY+LinkedIn+Post.png?format=750w → pending (?ms, ?B)
[2026-07-22T09:06:06.632Z] GET https://images.squarespace-cdn.com/content/v1/5f3874da9e73700975a00b12/1720659078584-FNE9IKYK0QLG63BNID5E/I+am+the+river+web+thumbnail++%28Facebook+Post%29.png?format=750w → pending (?ms, ?B)
[2026-07-22T09:06:06.632Z] GET https://images.squarespace-cdn.com/content/v1/5f3874da9e73700975a00b12/1718923635044-XH7DWPRNWMPOAR2Q5B21/Te+Pa%CC%84+web+thumbnail+.png?format=750w → pending (?ms, ?B)
[2026-07-22T09:06:06.632Z] GET https://images.squarespace-cdn.com/content/v1/5f3874da9e73700975a00b12/1718926135768-UAF3FNR25JVGE4PT229R/James+Mielke+web+thumbnail++%282%29.png?format=750w → pending (?ms, ?B)
[2026-07-22T09:06:06.632Z] GET https://images.squarespace-cdn.com/content/v1/5f3874da9e73700975a00b12/1718832243281-OTKCBYAKJ5IRAI88VPXC/Hauora+Aotearoa+web+thumbnail+.png?format=750w → pending (?ms, ?B)
[2026-07-22T09:06:06.632Z] GET https://images.squarespace-cdn.com/content/v1/5f3874da9e73700975a00b12/1718673599384-OE9H244NAUMC1X2C47YO/Hazel+Niue+web+thumbnail++%281%29.png?format=750w → pending (?ms, ?B)
[2026-07-22T09:06:06.632Z] GET https://images.squarespace-cdn.com/content/v1/5f3874da9e73700975a00b12/1718579599587-CM26IDCPZ6ENPPQWOM1Y/Tolaga.org+web+thumbnail+.png?format=750w → pending (?ms, ?B)
[2026-07-22T09:06:06.632Z] GET https://images.squarespace-cdn.com/content/v1/5f3874da9e73700975a00b12/1716935133635-VS2H6XBXAQJ6CRY1ZRA9/Sonnar+web+thumbnail.png?format=750w → pending (?ms, ?B)
[2026-07-22T09:06:06.632Z] GET https://images.squarespace-cdn.com/content/v1/5f3874da9e73700975a00b12/1715571405467-EGAJI0L77ZN9YZSOFRNW/1.+Nikora+IG.png?format=750w → pending (?ms, ?B)
[2026-07-22T09:06:19.528Z] GET https://static1.squarespace.com/static/vta/5c5a519771c10ba3470d8101/scripts/blog-layout-masonry.f1418449db9a5c9bb6c4.js → 200 (83ms, 2721B)
[2026-07-22T09:06:19.540Z] GET https://www.google.com/recaptcha/enterprise.js?onload=__grecaptchaOnLoadCallback&render=6LdDFQwjAAAAAPigEvvPgEVbb7QBm-TkVJdDTlAv → 200 (10ms, -680B)
[2026-07-22T09:06:19.540Z] GET https://assets.squarespace.com/universal/scripts-compressed/50785-5da795d97049b11f-min.en-US.js → 200 (10ms, -633B)
[2026-07-22T09:06:19.540Z] GET https://assets.squarespace.com/universal/scripts-compressed/82365-7f8bed8d727a2323-min.en-US.js → 200 (10ms, -634B)
[2026-07-22T09:06:19.540Z] GET https://assets.squarespace.com/universal/scripts-compressed/51032-5b10f78cd55ee141-min.en-US.js → 200 (12ms, -635B)
[2026-07-22T09:06:19.542Z] GET https://assets.squarespace.com/universal/scripts-compressed/12650-53ff0a28f9221293-min.en-US.js → 200 (9ms, -633B)
[2026-07-22T09:06:19.542Z] GET https://assets.squarespace.com/universal/scripts-compressed/93003-12fa20f83c762315-min.en-US.js → 200 (10ms, -634B)
[2026-07-22T09:06:19.542Z] GET https://assets.squarespace.com/universal/scripts-compressed/43697-f517c2140e5fa74a-min.en-US.js → 200 (9ms, -634B)
[2026-07-22T09:06:19.542Z] GET https://assets.squarespace.com/universal/scripts-compressed/29373-ce744d4f84228bda-min.en-US.js → 200 (9ms, -634B)
[2026-07-22T09:06:19.542Z] GET https://assets.squarespace.com/universal/scripts-compressed/16975-cb4dd2489e086630-min.en-US.js → 200 (9ms, -633B)
[2026-07-22T09:06:19.542Z] GET https://assets.squarespace.com/universal/scripts-compressed/36750-0e0dcc3bf656857b-min.en-US.js → 200 (10ms, -635B)
[2026-07-22T09:06:19.542Z] GET https://assets.squarespace.com/universal/scripts-compressed/22210-209b1ae1d4b7db72-min.en-US.js → 200 (9ms, -632B)
[2026-07-22T09:06:19.542Z] GET https://assets.squarespace.com/universal/scripts-compressed/48844-845adadf960f8a75-min.en-US.js → 200 (9ms, -633B)
[2026-07-22T09:06:19.542Z] GET https://assets.squarespace.com/universal/scripts-compressed/21865-abf93d213cf024da-min.en-US.js → 200 (10ms, -631B)
[2026-07-22T09:06:19.542Z] GET https://assets.squarespace.com/universal/styles-compressed/35ebb88013744865-min.en-US.css → 200 (1ms, -600B)
[2026-07-22T09:06:19.542Z] GET https://assets.squarespace.com/universal/scripts-compressed/async-commerce-cart-utils-7e31a7d05a3d896f-min.en-US.js → 200 (10ms, -632B)
[2026-07-22T09:06:19.542Z] GET https://assets.squarespace.com/universal/styles-compressed/8308d1793f387442-min.en-US.css → 200 (8ms, -600B)
[2026-07-22T09:06:19.542Z] GET https://assets.squarespace.com/universal/scripts-compressed/async-reserved-cart-bootstrap-6c5f32fe56aefd87-min.en-US.js → 200 (9ms, -634B)
[2026-07-22T09:06:19.542Z] POST https://www.ehf.org/api/census/RecordHit → pending (?ms, ?B)
[2026-07-22T09:06:19.542Z] POST https://www.ehf.org/api/census/form-render → pending (?ms, ?B)
[2026-07-22T09:06:19.553Z] GET https://www.gstatic.com/recaptcha/releases/A7KpaEASfhDcK0nXxgQEyyYv/recaptcha__en.js → 200 (21ms, -888B)
[2026-07-22T09:06:19.610Z] GET https://www.google.com/recaptcha/enterprise/anchor?ar=1&k=6LdDFQwjAAAAAPigEvvPgEVbb7QBm-TkVJdDTlAv&co=aHR0cHM6Ly93d3cuZWhmLm9yZzo0NDM.&hl=en&v=A7KpaEASfhDcK0nXxgQEyyYv&size=invisible&anchor-ms=20000&execute-ms=30000&cb=p8q8o8o68sld → 200 (35ms, 28306B)
[2026-07-22T09:06:19.617Z] GET https://static1.squarespace.com/static/vta/5c5a519771c10ba3470d8101/scripts/floating-cart.333bd5aee1885e7af603.js → 200 (2ms, -578B)
[2026-07-22T09:06:19.617Z] GET https://static1.squarespace.com/static/vta/5c5a519771c10ba3470d8101/scripts/item-pagination.4fdc578f6b37798c493e.js → pending (?ms, ?B)
[2026-07-22T09:06:19.648Z] GET https://www.gstatic.com/recaptcha/releases/A7KpaEASfhDcK0nXxgQEyyYv/styles__ltr.css → 200 (?ms, -848B)
[2026-07-22T09:06:19.648Z] GET https://www.gstatic.com/recaptcha/releases/A7KpaEASfhDcK0nXxgQEyyYv/recaptcha__en.js → 200 (16ms, -888B)
[2026-07-22T09:06:19.703Z] GET https://www.google.com/recaptcha/enterprise/webworker.js?hl=en&v=A7KpaEASfhDcK0nXxgQEyyYv → 200 (8ms, -837B)
[2026-07-22T09:06:19.708Z] GET https://www.gstatic.com/recaptcha/api2/logo_48.png → 200 (1ms, -775B)
[2026-07-22T09:06:19.708Z] GET https://fonts.gstatic.com/s/roboto/v48/KFO7CnqEu92Fr1ME7kSn66aGLdTylUAMa3yUBA.woff2 → 200 (2ms, -815B)
[2026-07-22T09:06:19.711Z] GET https://www.gstatic.com/recaptcha/releases/A7KpaEASfhDcK0nXxgQEyyYv/recaptcha__en.js → 200 (50ms, -888B)
[2026-07-22T09:06:42.744Z] GET https://www.ehf.org/read/how-chemergy-is-changing-the-game-in-waste-to-energy → 200 (497ms, 36579B)
[2026-07-22T09:06:43.246Z] POST https://tracing.squarespace.com/v1/logs → pending (?ms, ?B)
[2026-07-22T09:06:43.247Z] POST https://performance.squarespace.com/api/v1/records → pending (?ms, ?B)
[2026-07-22T09:06:43.250Z] GET https://assets.squarespace.com/@sqs/polyfiller/1.6/modern.js → 200 (?ms, -641B)
[2026-07-22T09:06:43.251Z] GET https://assets.squarespace.com/universal/scripts-compressed/visitor-site-error-reporter-aa199afcf7c87a38-min.en-US.js → 200 (?ms, -634B)
[2026-07-22T09:06:43.251Z] GET https://assets.squarespace.com/universal/scripts-compressed/extract-css-runtime-67f7859e695262a9-min.en-US.js → 200 (436ms, 18711B)
[2026-07-22T09:06:43.251Z] GET https://assets.squarespace.com/universal/scripts-compressed/extract-css-moment-js-vendor-a5cfdec1ae227f33-min.en-US.js → 200 (?ms, -634B)
[2026-07-22T09:06:43.251Z] GET https://assets.squarespace.com/universal/scripts-compressed/cldr-resource-pack-553be5b17e9a9bde-min.en-US.js → 200 (?ms, -635B)
[2026-07-22T09:06:43.251Z] GET https://assets.squarespace.com/universal/scripts-compressed/common-vendors-stable-02f58ecdd59f8b83-min.en-US.js → 200 (?ms, -633B)
[2026-07-22T09:06:43.251Z] GET https://assets.squarespace.com/universal/scripts-compressed/common-vendors-c09d014622f01c24-min.en-US.js → 200 (?ms, -632B)
[2026-07-22T09:06:43.251Z] GET https://assets.squarespace.com/universal/scripts-compressed/common-baa703162673fc51-min.en-US.js → 200 (?ms, -632B)
[2026-07-22T09:06:43.251Z] GET https://assets.squarespace.com/universal/scripts-compressed/performance-b1c8c65f51d5e129-min.en-US.js → pending (?ms, ?B)
[2026-07-22T09:06:43.251Z] GET https://definitions.sqspcdn.com/website-component-definition/static-assets/website.components.socialLinks/20c9376f-b50d-42a8-b306-6a66df1e3ded_556/website.components.socialLinks.styles.css → 200 (1ms, -752B)
[2026-07-22T09:06:43.251Z] GET https://definitions.sqspcdn.com/website-component-definition/static-assets/website.components.spacer/802b1fc6-3ad1-45bd-86fc-4095b08fa0f5_1101/website.components.spacer.styles.css → 200 (1ms, -696B)
[2026-07-22T09:06:43.251Z] GET https://definitions.sqspcdn.com/website-component-definition/static-assets/website.components.html/69c9ad54-fc30-43cd-8a9f-c2c8ba7c09af_778/website.components.html.styles.css → 200 (1ms, -696B)
[2026-07-22T09:06:43.251Z] GET https://definitions.sqspcdn.com/website-component-definition/static-assets/website.components.spacer/802b1fc6-3ad1-45bd-86fc-4095b08fa0f5_1101/website.components.spacer.visitor.js → 200 (?ms, -710B)
[2026-07-22T09:06:43.251Z] GET https://definitions.sqspcdn.com/website-component-definition/static-assets/website.components.html/69c9ad54-fc30-43cd-8a9f-c2c8ba7c09af_778/website.components.html.visitor.js → 200 (?ms, -759B)
[2026-07-22T09:06:43.251Z] GET https://definitions.sqspcdn.com/website-component-definition/static-assets/website.components.socialLinks/20c9376f-b50d-42a8-b306-6a66df1e3ded_556/website.components.socialLinks.visitor.js → 200 (1ms, -766B)
[2026-07-22T09:06:43.252Z] GET https://static1.squarespace.com/static/versioned-site-css/5f3874da9e73700975a00b12/426/5c5a519771c10ba3470d8101/5f3874da9e73700975a00b34/1810/site.css?nocustom=true → 200 (?ms, -558B)
[2026-07-22T09:06:43.252Z] GET https://static1.squarespace.com/static/vta/5c5a519771c10ba3470d8101/versioned-assets/1784658820989-T86EF34M4QVPBBCSSFUN/static.css → 200 (?ms, -577B)
[2026-07-22T09:06:43.252Z] GET https://static1.squarespace.com/static/custom-css/5f3874da9e73700975a00b12/5f3874da9e73700975a00b34/0/custom.css → 200 (?ms, -558B)
[2026-07-22T09:06:43.252Z] GET https://ajax.googleapis.com/ajax/libs/jquery/1.9.1/jquery.min.js → 200 (?ms, -966B)
[2026-07-22T09:06:43.252Z] GET https://images.squarespace-cdn.com/content/v1/5f3874da9e73700975a00b12/1598311923613-QLM3MJNU1Q30HCAKGVW0/EHF+Logo+Color+Dark.png?format=1500w → 200 (?ms, -613B)
[2026-07-22T09:06:43.252Z] GET https://static1.squarespace.com/static/vta/5c5a519771c10ba3470d8101/scripts/site-bundle.3ac4db8e38074e1383b5ecad2061af25.js → 200 (?ms, -577B)
[2026-07-22T09:06:43.252Z] GET https://cdn.jsdelivr.net/npm/jquery-validation@1.19.0/dist/jquery.validate.min.js → 200 (?ms, -1072B)
[2026-07-22T09:06:43.290Z] GET https://file.squarespace-cdn.com/content/v2/namespaces/fonts/libraries/sqsp/assets/c0120ee3-d64a-4b32-b3e3-5944e8eb8664/latin.woff2 → 200 (?ms, -448B)
[2026-07-22T09:06:43.290Z] GET https://file.squarespace-cdn.com/content/v2/namespaces/fonts/libraries/sqsp/assets/4f12a928-ca63-4309-aafd-d553d94f3365/latin-ext.woff2 → 200 (?ms, -653B)
[2026-07-22T09:06:43.290Z] GET https://file.squarespace-cdn.com/content/v2/namespaces/fonts/libraries/sqsp/assets/c5ed9101-d1bb-405b-8272-982162f2dbab/latin.woff2 → 200 (?ms, -448B)
[2026-07-22T09:06:43.290Z] GET https://file.squarespace-cdn.com/content/v2/namespaces/fonts/libraries/sqsp/assets/9c9641aa-f3ae-4d98-a4ce-9c9b0ab98491/symbols.woff2 → 200 (?ms, -447B)
[2026-07-22T09:06:43.290Z] GET https://file.squarespace-cdn.com/content/v2/namespaces/fonts/libraries/sqsp/assets/c5eb5305-ba43-45a4-97e1-2fcb7b175375/latin.woff2 → 200 (?ms, -447B)
[2026-07-22T09:06:43.290Z] GET https://file.squarespace-cdn.com/content/v2/namespaces/fonts/libraries/sqsp/assets/098784a4-16b7-4286-a7c6-3311559a8a95/latin.woff2 → 200 (196ms, 98147B)
[2026-07-22T09:06:43.290Z] GET https://images.squarespace-cdn.com/content/v1/5f3874da9e73700975a00b12/b80efcaf-4501-460e-b074-f7048d078dd6/Melahn.jpg?format=1500w → pending (?ms, ?B)
[2026-07-22T09:06:43.290Z] GET https://images.squarespace-cdn.com/content/v1/5f3874da9e73700975a00b12/2449e596-40ac-407c-b703-41dc813ead85/Screenshot+2025-06-06+at+8.54.29+AM.png?format=1500w → 200 (350ms, 586577B)
[2026-07-22T09:06:43.290Z] GET https://images.squarespace-cdn.com/content/v1/5f3874da9e73700975a00b12/ed144c81-6bfd-4a32-90fc-1963b72a1bc3/Screenshot+2025-06-06+at+8.56.16+AM.png?format=1500w → 200 (334ms, 180873B)
[2026-07-22T09:06:43.290Z] GET https://images.squarespace-cdn.com/content/v1/5f3874da9e73700975a00b12/2e2ca535-6551-4cad-8cee-2066393b0820/DSC_3025.JPG?format=1500w → 200 (349ms, 239738B)
[2026-07-22T09:06:44.699Z] GET https://static1.squarespace.com/static/vta/5c5a519771c10ba3470d8101/scripts/author-profile-image-loader.105d7fa142fa72cf2107.js → 200 (74ms, 557B)
[2026-07-22T09:06:44.709Z] GET https://www.google.com/recaptcha/enterprise.js?onload=__grecaptchaOnLoadCallback&render=6LdDFQwjAAAAAPigEvvPgEVbb7QBm-TkVJdDTlAv → 200 (?ms, -680B)
[2026-07-22T09:06:44.710Z] GET https://assets.squarespace.com/universal/scripts-compressed/50785-5da795d97049b11f-min.en-US.js → 200 (?ms, -633B)
[2026-07-22T09:06:44.710Z] GET https://assets.squarespace.com/universal/scripts-compressed/82365-7f8bed8d727a2323-min.en-US.js → 200 (?ms, -634B)
[2026-07-22T09:06:44.710Z] GET https://assets.squarespace.com/universal/scripts-compressed/51032-5b10f78cd55ee141-min.en-US.js → 200 (?ms, -635B)
[2026-07-22T09:06:44.710Z] GET https://assets.squarespace.com/universal/scripts-compressed/12650-53ff0a28f9221293-min.en-US.js → 200 (?ms, -633B)
[2026-07-22T09:06:44.710Z] GET https://assets.squarespace.com/universal/scripts-compressed/93003-12fa20f83c762315-min.en-US.js → 200 (?ms, -634B)
[2026-07-22T09:06:44.710Z] GET https://assets.squarespace.com/universal/scripts-compressed/43697-f517c2140e5fa74a-min.en-US.js → 200 (?ms, -634B)
[2026-07-22T09:06:44.710Z] GET https://assets.squarespace.com/universal/scripts-compressed/29373-ce744d4f84228bda-min.en-US.js → 200 (?ms, -634B)
[2026-07-22T09:06:44.710Z] GET https://assets.squarespace.com/universal/scripts-compressed/16975-cb4dd2489e086630-min.en-US.js → 200 (?ms, -633B)
[2026-07-22T09:06:44.710Z] GET https://assets.squarespace.com/universal/scripts-compressed/36750-0e0dcc3bf656857b-min.en-US.js → 200 (?ms, -635B)
[2026-07-22T09:06:44.710Z] GET https://assets.squarespace.com/universal/scripts-compressed/22210-209b1ae1d4b7db72-min.en-US.js → 200 (?ms, -632B)
[2026-07-22T09:06:44.710Z] GET https://assets.squarespace.com/universal/scripts-compressed/48844-845adadf960f8a75-min.en-US.js → 200 (?ms, -633B)
[2026-07-22T09:06:44.711Z] GET https://assets.squarespace.com/universal/scripts-compressed/21865-abf93d213cf024da-min.en-US.js → 200 (?ms, -631B)
[2026-07-22T09:06:44.711Z] GET https://assets.squarespace.com/universal/styles-compressed/35ebb88013744865-min.en-US.css → 200 (?ms, -600B)
[2026-07-22T09:06:44.711Z] GET https://assets.squarespace.com/universal/scripts-compressed/async-commerce-cart-utils-7e31a7d05a3d896f-min.en-US.js → 200 (?ms, -632B)
[2026-07-22T09:06:44.711Z] GET https://assets.squarespace.com/universal/styles-compressed/8308d1793f387442-min.en-US.css → 200 (?ms, -600B)
[2026-07-22T09:06:44.711Z] GET https://assets.squarespace.com/universal/scripts-compressed/async-reserved-cart-bootstrap-6c5f32fe56aefd87-min.en-US.js → 200 (?ms, -634B)
[2026-07-22T09:06:44.711Z] POST https://www.ehf.org/api/census/RecordHit → 200 (359ms, 83B)
[2026-07-22T09:06:44.711Z] POST https://www.ehf.org/api/census/form-render → 200 (371ms, 59B)
[2026-07-22T09:06:44.719Z] GET https://www.gstatic.com/recaptcha/releases/A7KpaEASfhDcK0nXxgQEyyYv/recaptcha__en.js → 200 (20ms, -888B)
[2026-07-22T09:06:44.744Z] GET https://www.google.com/recaptcha/enterprise/anchor?ar=1&k=6LdDFQwjAAAAAPigEvvPgEVbb7QBm-TkVJdDTlAv&co=aHR0cHM6Ly93d3cuZWhmLm9yZzo0NDM.&hl=en&v=A7KpaEASfhDcK0nXxgQEyyYv&size=invisible&anchor-ms=20000&execute-ms=30000&cb=c6s26ckn2a9o → 200 (24ms, 28306B)
[2026-07-22T09:06:44.771Z] GET https://www.gstatic.com/recaptcha/releases/A7KpaEASfhDcK0nXxgQEyyYv/styles__ltr.css → 200 (?ms, -848B)
[2026-07-22T09:06:44.771Z] GET https://www.gstatic.com/recaptcha/releases/A7KpaEASfhDcK0nXxgQEyyYv/recaptcha__en.js → 200 (15ms, -888B)
[2026-07-22T09:06:44.773Z] GET https://static1.squarespace.com/static/vta/5c5a519771c10ba3470d8101/scripts/floating-cart.333bd5aee1885e7af603.js → 200 (1ms, -578B)
[2026-07-22T09:06:44.774Z] GET https://static1.squarespace.com/static/vta/5c5a519771c10ba3470d8101/scripts/item-pagination.4fdc578f6b37798c493e.js → 200 (?ms, -575B)
[2026-07-22T09:06:44.824Z] GET https://www.google.com/recaptcha/enterprise/webworker.js?hl=en&v=A7KpaEASfhDcK0nXxgQEyyYv → 200 (6ms, -837B)
[2026-07-22T09:06:44.828Z] GET https://fonts.gstatic.com/s/roboto/v48/KFO7CnqEu92Fr1ME7kSn66aGLdTylUAMa3yUBA.woff2 → 200 (?ms, -815B)
[2026-07-22T09:06:44.828Z] GET https://www.gstatic.com/recaptcha/api2/logo_48.png → 200 (?ms, -775B)
[2026-07-22T09:06:44.831Z] GET https://www.gstatic.com/recaptcha/releases/A7KpaEASfhDcK0nXxgQEyyYv/recaptcha__en.js → 200 (49ms, -888B)
[2026-07-22T09:07:07.528Z] GET https://www.hillaryinstitute.com/laureates → pending (?ms, ?B)
[2026-07-22T09:07:07.986Z] GET https://use.typekit.net/ik/W_0Yqit0J1YJo-7DJcd8cNegNPsC6873tQM5LuO2kCjfezbIfFHN4UJLFRbh52jhWD9hZR8cZQFRF2MkFRBqFA4qFemKZRjk5g7AMkG0jAFu-WsoShFGZAsude80ZkoRdhXCHKoyjamTiY8Djhy8ZYmC-Ao1Oco8if37OcBDOcu8OfG0-e8CdeBkpA80SasTiYmXZPoDSWmyScmDSeBRZPoRdhXCHKoDSWmyScmDSeBRZWFR-emqiAUTdcS0jhNlOeBRiA8XpWFR-emqiAUTdcS0jhNlOeBRiA8XpWFR-emqiAUTdcS0dcmXOeBDOcu8OeyTdeUyS18Td1FX-Wsuie90jhNlOeyTdeUyS18Td1FX-Wsuie90SaBujW48Sagyjh90jhNlOeUzjhBC-eNDifUDSWmyScmDSeBRZWFR-emqiAUTdcS0jhNlOYiaikoyjamTiY8Djhy8ZYmC-Ao1OcFzdPUaiaS0jAFu-WsoShFGZAsude80Zko0ZWbCiaiaOcBDOcu8OYiaikoG-AUCjW4o-AoDie8XiWs8OcFzdPUaiaS0-e8CdeBkpA80SasTiYmXZPoDSWmyScmDSeBRZPoRdhXCiaiaO1FUiABkZWF3jAF8ShFGZAsude80ZkoRdhXKIeZkZA81-YblShB0Sku3ScvKIcBqdh48OAiyScBldhoqOWgkdkJFdemyZam8OAizieyTjkJHdW8k-ABqOWgkdkG4f4gTIMMjMkMfH6qJk89bMg6IJMJ7fbKP-sMMeM96MKG4f4sTIMMjgKMfH6qJRcqbMg6YJMJ7fbKs-sMMeMX6MKG4fJNTIMMjIPMfH6qJvDbbMs6IJMJ7fbRMfyMfeMb6MKG4fwbuIMwjgKMfqMeH85Dogb.js → 200 (1ms, -366B)
[2026-07-22T09:07:07.986Z] GET https://assets.squarespace.com/@sqs/polyfiller/1.6/modern.js → 200 (6ms, -641B)
[2026-07-22T09:07:08.066Z] GET https://assets.squarespace.com/universal/scripts-compressed/visitor-site-error-reporter-aa199afcf7c87a38-min.en-US.js → 200 (1ms, -634B)
[2026-07-22T09:07:08.066Z] GET https://assets.squarespace.com/universal/scripts-compressed/extract-css-runtime-67f7859e695262a9-min.en-US.js → 200 (7ms, -632B)
[2026-07-22T09:07:08.067Z] GET https://assets.squarespace.com/universal/scripts-compressed/extract-css-moment-js-vendor-a5cfdec1ae227f33-min.en-US.js → 200 (17ms, -634B)
[2026-07-22T09:07:08.067Z] GET https://assets.squarespace.com/universal/scripts-compressed/cldr-resource-pack-553be5b17e9a9bde-min.en-US.js → 200 (10ms, -635B)
[2026-07-22T09:07:08.067Z] GET https://assets.squarespace.com/universal/scripts-compressed/common-vendors-stable-02f58ecdd59f8b83-min.en-US.js → 200 (13ms, -633B)
[2026-07-22T09:07:08.067Z] GET https://assets.squarespace.com/universal/scripts-compressed/common-vendors-c09d014622f01c24-min.en-US.js → 200 (28ms, -632B)
[2026-07-22T09:07:08.067Z] GET https://assets.squarespace.com/universal/scripts-compressed/common-baa703162673fc51-min.en-US.js → 200 (31ms, -632B)
[2026-07-22T09:07:08.067Z] GET https://assets.squarespace.com/universal/scripts-compressed/commerce-b18c2afcc547d3c6-min.en-US.js → pending (?ms, ?B)
[2026-07-22T09:07:08.067Z] GET https://assets.squarespace.com/universal/styles-compressed/commerce-d50e5960dc9fd059-min.en-US.css → 200 (5ms, -630B)
[2026-07-22T09:07:08.067Z] GET https://assets.squarespace.com/universal/scripts-compressed/performance-b1c8c65f51d5e129-min.en-US.js → 200 (69ms, -631B)
[2026-07-22T09:07:08.067Z] GET https://definitions.sqspcdn.com/website-component-definition/static-assets/website.components.horizontalrule/7a15d904-423e-4c23-add5-5e7c08f618fe_145/website.components.horizontalrule.styles.css → 200 (13ms, 277B)
[2026-07-22T09:07:08.067Z] GET https://definitions.sqspcdn.com/website-component-definition/static-assets/website.components.socialLinks/20c9376f-b50d-42a8-b306-6a66df1e3ded_556/website.components.socialLinks.styles.css → 200 (6ms, -752B)
[2026-07-22T09:07:08.067Z] GET https://definitions.sqspcdn.com/website-component-definition/static-assets/website.components.spacer/802b1fc6-3ad1-45bd-86fc-4095b08fa0f5_1101/website.components.spacer.styles.css → 200 (6ms, -696B)
[2026-07-22T09:07:08.067Z] GET https://definitions.sqspcdn.com/website-component-definition/static-assets/website.components.horizontalrule/7a15d904-423e-4c23-add5-5e7c08f618fe_145/website.components.horizontalrule.visitor.js → 200 (21ms, 4153B)
[2026-07-22T09:07:08.067Z] GET https://definitions.sqspcdn.com/website-component-definition/static-assets/website.components.spacer/802b1fc6-3ad1-45bd-86fc-4095b08fa0f5_1101/website.components.spacer.visitor.js → 200 (10ms, -710B)
[2026-07-22T09:07:08.067Z] GET https://definitions.sqspcdn.com/website-component-definition/static-assets/website.components.socialLinks/20c9376f-b50d-42a8-b306-6a66df1e3ded_556/website.components.socialLinks.visitor.js → 200 (10ms, -766B)
[2026-07-22T09:07:08.067Z] GET https://static1.squarespace.com/static/sitecss/56f9fe3c40261d5bd4ebf628/315/52e96934e4b0ea14d0f64568/57c52e61d2b857370eabffbd/1142/site.css?nocustom=true → 200 (7ms, -559B)
[2026-07-22T09:07:08.067Z] GET https://static1.squarespace.com/static/custom-css/56f9fe3c40261d5bd4ebf628/57c52e61d2b857370eabffbd/0/custom.css → 200 (8ms, -556B)
[2026-07-22T09:07:08.067Z] GET https://code.jquery.com/jquery-2.1.3.min.js → 200 (12ms, -622B)
[2026-07-22T09:07:08.067Z] GET https://images.squarespace-cdn.com/content/v1/56f9fe3c40261d5bd4ebf628/1597705236711-WSM5V2NT9LMZHBGEOKCO/SS-Color-Stack.png?format=1500w → 200 (9ms, -612B)
[2026-07-22T09:07:08.067Z] GET https://static1.squarespace.com/static/ta/52e968b5e4b04d2aa2a3bba3/1142/scripts/site-bundle.js → 200 (12ms, -575B)
[2026-07-22T09:07:11.992Z] GET https://www.hillaryinstitute.com/universal/svg/social-accounts.svg → 200 (1ms, -420B)
[2026-07-22T09:07:11.992Z] GET https://file.squarespace-cdn.com/content/v2/namespaces/fonts/libraries/sqsp/assets/c02dd75d-df69-4519-9bfc-eedeadf97567/latin.woff2 → 200 (2ms, -447B)
[2026-07-22T09:07:11.992Z] GET https://file.squarespace-cdn.com/content/v2/namespaces/fonts/libraries/sqsp/assets/0dc77f43-a26f-4845-8f8e-f7a46f285006/latin.woff2 → 200 (97ms, 39058B)
[2026-07-22T09:07:11.992Z] GET https://file.squarespace-cdn.com/content/v2/namespaces/fonts/libraries/sqsp/assets/3ceffaf4-ecbc-434a-b31f-5ce87cca32aa/latin.woff2 → 200 (3ms, -448B)
[2026-07-22T09:07:11.992Z] GET https://file.squarespace-cdn.com/content/v2/namespaces/fonts/libraries/sqsp/assets/c08a54ab-352f-409b-afa5-234e5ea08a15/latin.woff2 → 200 (3ms, -448B)
[2026-07-22T09:07:11.992Z] GET https://file.squarespace-cdn.com/content/v2/namespaces/fonts/libraries/sqsp/assets/6741e9e3-7ef6-4c86-867d-2343fc85d12d/latin.woff2 → 200 (3ms, -448B)
[2026-07-22T09:07:12.017Z] GET https://assets.squarespace.com/universal/scripts-compressed/50785-5da795d97049b11f-min.en-US.js → 200 (4ms, -633B)
[2026-07-22T09:07:12.017Z] GET https://assets.squarespace.com/universal/scripts-compressed/82365-7f8bed8d727a2323-min.en-US.js → 200 (4ms, -634B)
[2026-07-22T09:07:12.018Z] GET https://assets.squarespace.com/universal/scripts-compressed/51032-5b10f78cd55ee141-min.en-US.js → 200 (6ms, -635B)
[2026-07-22T09:07:12.018Z] GET https://assets.squarespace.com/universal/scripts-compressed/12650-53ff0a28f9221293-min.en-US.js → 200 (3ms, -633B)
[2026-07-22T09:07:12.018Z] GET https://assets.squarespace.com/universal/scripts-compressed/93003-12fa20f83c762315-min.en-US.js → 200 (6ms, -634B)
[2026-07-22T09:07:12.018Z] GET https://assets.squarespace.com/universal/scripts-compressed/43697-f517c2140e5fa74a-min.en-US.js → 200 (4ms, -634B)
[2026-07-22T09:07:12.018Z] GET https://assets.squarespace.com/universal/scripts-compressed/29373-ce744d4f84228bda-min.en-US.js → 200 (4ms, -634B)
[2026-07-22T09:07:12.018Z] GET https://assets.squarespace.com/universal/scripts-compressed/16975-cb4dd2489e086630-min.en-US.js → 200 (4ms, -633B)
[2026-07-22T09:07:12.018Z] GET https://assets.squarespace.com/universal/scripts-compressed/36750-0e0dcc3bf656857b-min.en-US.js → 200 (19ms, -635B)
[2026-07-22T09:07:12.018Z] GET https://assets.squarespace.com/universal/scripts-compressed/22210-209b1ae1d4b7db72-min.en-US.js → 200 (6ms, -632B)
[2026-07-22T09:07:12.018Z] GET https://assets.squarespace.com/universal/scripts-compressed/48844-845adadf960f8a75-min.en-US.js → 200 (6ms, -633B)
[2026-07-22T09:07:12.018Z] GET https://assets.squarespace.com/universal/scripts-compressed/21865-abf93d213cf024da-min.en-US.js → 200 (6ms, -631B)
[2026-07-22T09:07:12.018Z] GET https://assets.squarespace.com/universal/styles-compressed/35ebb88013744865-min.en-US.css → 200 (2ms, -600B)
[2026-07-22T09:07:12.018Z] GET https://assets.squarespace.com/universal/scripts-compressed/async-commerce-cart-utils-7e31a7d05a3d896f-min.en-US.js → 200 (6ms, -632B)
[2026-07-22T09:07:12.018Z] GET https://assets.squarespace.com/universal/styles-compressed/8308d1793f387442-min.en-US.css → 200 (2ms, -600B)
[2026-07-22T09:07:12.018Z] GET https://assets.squarespace.com/universal/scripts-compressed/async-reserved-cart-bootstrap-6c5f32fe56aefd87-min.en-US.js → 200 (6ms, -634B)
[2026-07-22T09:07:12.018Z] GET https://assets.squarespace.com/universal/scripts-compressed/31774-e8836161f3f61b44-min.en-US.js → 200 (6ms, -631B)
[2026-07-22T09:07:12.018Z] GET https://assets.squarespace.com/universal/scripts-compressed/48593-1c03c5b0b2b6df48-min.en-US.js → 200 (86ms, 4534B)
[2026-07-22T09:07:12.018Z] GET https://assets.squarespace.com/universal/styles-compressed/6bc1593a0581d9e7-min.en-US.css → 200 (2ms, -599B)
[2026-07-22T09:07:12.018Z] POST https://www.hillaryinstitute.com/api/census/RecordHit → 200 (372ms, 108B)
[2026-07-22T09:07:12.019Z] GET https://images.squarespace-cdn.com/content/v1/56f9fe3c40261d5bd4ebf628/aac667b1-e669-4399-b490-8bbc21c9dfb1/Vanessa+Headshot+Medium-01.png?format=500w → pending (?ms, ?B)
[2026-07-22T09:07:12.019Z] GET https://images.squarespace-cdn.com/content/v1/56f9fe3c40261d5bd4ebf628/1601446196878-5T8E4V6BHSCFX64D2JCG/Christiana-Figueres-BW.jpg?format=500w → 200 (621ms, 30863B)
[2026-07-22T09:07:12.019Z] GET https://images.squarespace-cdn.com/content/v1/56f9fe3c40261d5bd4ebf628/1532106967850-L2VTM7S5RVAE7KW6YKA4/Meagan-Fallone.jpg?format=500w → 200 (642ms, 28172B)
[2026-07-22T09:07:12.019Z] GET https://images.squarespace-cdn.com/content/v1/56f9fe3c40261d5bd4ebf628/1497336817559-EOAQZX1MMXT46STL9LDC/Johan-Rockstrom.jpg?format=500w → 200 (618ms, 17764B)
[2026-07-22T09:07:12.020Z] GET https://images.squarespace-cdn.com/content/v1/56f9fe3c40261d5bd4ebf628/1473742349291-33P6Q1SFMKR8NGVGWCTR/image-asset.jpeg?format=500w → pending (?ms, ?B)
[2026-07-22T09:07:12.020Z] GET https://images.squarespace-cdn.com/content/v1/56f9fe3c40261d5bd4ebf628/1473742380492-56381X1MQNOPDSMJ8HMR/Michael-Brune-1500x700.jpg?format=500w → pending (?ms, ?B)
[2026-07-22T09:07:12.020Z] GET https://images.squarespace-cdn.com/content/v1/56f9fe3c40261d5bd4ebf628/1473743764196-S39FTJ6NWT6DOMZ6VDA2/Atossa-Soltani.jpg?format=500w → pending (?ms, ?B)
[2026-07-22T09:07:12.020Z] GET https://images.squarespace-cdn.com/content/v1/56f9fe3c40261d5bd4ebf628/1473742417701-XWORK60VKXQC9WSABTRL/Anote-Tong.jpg?format=500w → pending (?ms, ?B)
[2026-07-22T09:07:12.020Z] GET https://images.squarespace-cdn.com/content/v1/56f9fe3c40261d5bd4ebf628/1474519968474-7UX2XL0JLNX4OH31VCPL/Aimee-Christensen.jpg?format=500w → pending (?ms, ?B)
[2026-07-22T09:07:12.020Z] GET https://images.squarespace-cdn.com/content/v1/56f9fe3c40261d5bd4ebf628/1473742427953-LV52V67XF502HHWVBEU1/Peggy-Liu.jpg?format=500w → 200 (658ms, 12916B)
[2026-07-22T09:07:12.020Z] GET https://images.squarespace-cdn.com/content/v1/56f9fe3c40261d5bd4ebf628/1474519987887-D37L6GUVTML6SDD8P8E3/Jeremy-Leggett.jpg?format=500w → 200 (649ms, 20357B)
[2026-07-22T09:07:12.020Z] GET https://images.squarespace-cdn.com/content/v1/56f9fe3c40261d5bd4ebf628/1474980079511-Y5FLKW1BCREIYH2WLN3M/image-asset.jpeg?format=1000w → pending (?ms, ?B)
[2026-07-22T09:07:12.035Z] GET https://use.typekit.net/af/100a67/0000000000000000775dd7d1/31/l?subset_id=2&fvd=n3&v=3 → 200 (1ms, -365B)
[2026-07-22T09:07:12.035Z] GET https://use.typekit.net/af/7c02fe/0000000000000000775dd7dd/31/l?subset_id=2&fvd=n4&v=3 → 200 (1ms, -365B)
[2026-07-22T09:07:12.035Z] GET https://use.typekit.net/af/c6c38a/0000000000000000775dd7d9/31/l?subset_id=2&fvd=n5&v=3 → 200 (1ms, -365B)
[2026-07-22T09:07:12.035Z] GET https://use.typekit.net/af/f66fb7/0000000000000000775dd7d4/31/l?subset_id=2&fvd=n6&v=3 → 200 (1ms, -365B)
[2026-07-22T09:07:12.035Z] GET https://use.typekit.net/af/71ccd4/0000000000000000775dd7da/31/l?subset_id=2&fvd=n7&v=3 → 200 (1ms, -365B)
[2026-07-22T09:07:12.035Z] GET https://use.typekit.net/af/4c5943/0000000000000000775dd7d0/31/l?subset_id=2&fvd=i3&v=3 → 200 (1ms, -365B)
[2026-07-22T09:07:12.035Z] GET https://use.typekit.net/af/916d55/0000000000000000775dd7cd/31/l?subset_id=2&fvd=i7&v=3 → 200 (2ms, -365B)
[2026-07-22T09:07:12.036Z] GET https://use.typekit.net/af/1a756d/00000000000000007735d927/31/l?subset_id=2&fvd=n4&v=3 → 200 (1ms, -365B)
[2026-07-22T09:07:12.036Z] GET https://use.typekit.net/af/2c7dfe/00000000000000007735da32/31/l?subset_id=2&fvd=n4&v=3 → 200 (1ms, -365B)
[2026-07-22T09:07:12.036Z] GET https://use.typekit.net/af/ce0708/00000000000000007735d91b/31/l?subset_id=2&fvd=n6&v=3 → 200 (1ms, -365B)
[2026-07-22T09:07:12.063Z] GET https://p.typekit.net/p.gif?s=2&k=646866_56f9fe3c40261d5bd4ebf628&ht=tk&h=www.hillaryinstitute.com&f=13456.10954.13458.13460.13454.13457.13455.6771.1344.6852&a=646866&js=1.21.0&app=typekit&e=js&_=1784711232062 → 200 (16ms, 205B)
[2026-07-22T09:07:38.205Z] GET https://www.hillaryinstitute.com/reports → pending (?ms, ?B)
[2026-07-22T09:07:38.763Z] POST https://tracing.squarespace.com/v1/logs → pending (?ms, ?B)
[2026-07-22T09:07:38.764Z] POST https://performance.squarespace.com/api/v1/records → pending (?ms, ?B)
[2026-07-22T09:07:38.766Z] GET https://use.typekit.net/ik/W_0Yqit0J1YJo-7DJcd8cNegNPsC6873tQM5LuO2kCjfezbIfFHN4UJLFRbh52jhWD9hZR8cZQFRF2MkFRBqFA4qFemKZRjk5g7AMkG0jAFu-WsoShFGZAsude80ZkoRdhXCHKoyjamTiY8Djhy8ZYmC-Ao1Oco8if37OcBDOcu8OfG0-e8CdeBkpA80SasTiYmXZPoDSWmyScmDSeBRZPoRdhXCHKoDSWmyScmDSeBRZWFR-emqiAUTdcS0jhNlOeBRiA8XpWFR-emqiAUTdcS0jhNlOeBRiA8XpWFR-emqiAUTdcS0dcmXOeBDOcu8OeyTdeUyS18Td1FX-Wsuie90jhNlOeyTdeUyS18Td1FX-Wsuie90SaBujW48Sagyjh90jhNlOeUzjhBC-eNDifUDSWmyScmDSeBRZWFR-emqiAUTdcS0jhNlOYiaikoyjamTiY8Djhy8ZYmC-Ao1OcFzdPUaiaS0jAFu-WsoShFGZAsude80Zko0ZWbCiaiaOcBDOcu8OYiaikoG-AUCjW4o-AoDie8XiWs8OcFzdPUaiaS0-e8CdeBkpA80SasTiYmXZPoDSWmyScmDSeBRZPoRdhXCiaiaO1FUiABkZWF3jAF8ShFGZAsude80ZkoRdhXKIeZkZA81-YblShB0Sku3ScvKIcBqdh48OAiyScBldhoqOWgkdkJFdemyZam8OAizieyTjkJHdW8k-ABqOWgkdkG4f4gTIMMjMkMfH6qJk89bMg6IJMJ7fbKP-sMMeM96MKG4f4sTIMMjgKMfH6qJRcqbMg6YJMJ7fbKs-sMMeMX6MKG4fJNTIMMjIPMfH6qJvDbbMs6IJMJ7fbRMfyMfeMb6MKG4fwbuIMwjgKMfqMeH85Dogb.js → 200 (?ms, -366B)
[2026-07-22T09:07:38.766Z] GET https://assets.squarespace.com/@sqs/polyfiller/1.6/modern.js → 200 (?ms, -641B)
[2026-07-22T09:07:38.819Z] GET https://assets.squarespace.com/universal/scripts-compressed/visitor-site-error-reporter-aa199afcf7c87a38-min.en-US.js → 200 (1ms, -634B)
[2026-07-22T09:07:38.820Z] GET https://assets.squarespace.com/universal/scripts-compressed/extract-css-runtime-ae1f73706e5e894f-min.en-US.js → 200 (1ms, -625B)
[2026-07-22T09:07:38.820Z] GET https://assets.squarespace.com/universal/scripts-compressed/extract-css-moment-js-vendor-a5cfdec1ae227f33-min.en-US.js → 200 (?ms, -634B)
[2026-07-22T09:07:38.820Z] GET https://assets.squarespace.com/universal/scripts-compressed/cldr-resource-pack-553be5b17e9a9bde-min.en-US.js → 200 (?ms, -635B)
[2026-07-22T09:07:38.820Z] GET https://assets.squarespace.com/universal/scripts-compressed/common-vendors-stable-02f58ecdd59f8b83-min.en-US.js → 200 (?ms, -633B)
[2026-07-22T09:07:38.820Z] GET https://assets.squarespace.com/universal/scripts-compressed/common-vendors-c09d014622f01c24-min.en-US.js → 200 (?ms, -632B)
[2026-07-22T09:07:38.820Z] GET https://assets.squarespace.com/universal/scripts-compressed/common-baa703162673fc51-min.en-US.js → 200 (?ms, -632B)
[2026-07-22T09:07:38.820Z] GET https://assets.squarespace.com/universal/scripts-compressed/commerce-b18c2afcc547d3c6-min.en-US.js → 200 (?ms, -631B)
[2026-07-22T09:07:38.820Z] GET https://assets.squarespace.com/universal/styles-compressed/commerce-d50e5960dc9fd059-min.en-US.css → 200 (?ms, -630B)
[2026-07-22T09:07:38.820Z] GET https://assets.squarespace.com/universal/scripts-compressed/performance-9f54984f013db5f3-min.en-US.js → 200 (55ms, -626B)
[2026-07-22T09:07:38.820Z] GET https://definitions.sqspcdn.com/website-component-definition/static-assets/website.components.horizontalrule/7a15d904-423e-4c23-add5-5e7c08f618fe_145/website.components.horizontalrule.styles.css → 200 (?ms, -703B)
[2026-07-22T09:07:38.820Z] GET https://definitions.sqspcdn.com/website-component-definition/static-assets/website.components.socialLinks/20c9376f-b50d-42a8-b306-6a66df1e3ded_556/website.components.socialLinks.styles.css → 200 (?ms, -752B)
[2026-07-22T09:07:38.820Z] GET https://definitions.sqspcdn.com/website-component-definition/static-assets/website.components.spacer/802b1fc6-3ad1-45bd-86fc-4095b08fa0f5_1101/website.components.spacer.styles.css → 200 (1ms, -696B)
[2026-07-22T09:07:38.821Z] GET https://definitions.sqspcdn.com/website-component-definition/static-assets/website.components.horizontalrule/7a15d904-423e-4c23-add5-5e7c08f618fe_145/website.components.horizontalrule.visitor.js → 200 (?ms, -766B)
[2026-07-22T09:07:38.821Z] GET https://definitions.sqspcdn.com/website-component-definition/static-assets/website.components.spacer/802b1fc6-3ad1-45bd-86fc-4095b08fa0f5_1101/website.components.spacer.visitor.js → 200 (?ms, -710B)
[2026-07-22T09:07:38.821Z] GET https://definitions.sqspcdn.com/website-component-definition/static-assets/website.components.socialLinks/20c9376f-b50d-42a8-b306-6a66df1e3ded_556/website.components.socialLinks.visitor.js → 200 (?ms, -766B)
[2026-07-22T09:07:38.821Z] GET https://static1.squarespace.com/static/sitecss/56f9fe3c40261d5bd4ebf628/315/52e96934e4b0ea14d0f64568/57c52e61d2b857370eabffbd/1142/site.css?nocustom=true → 200 (?ms, -559B)
[2026-07-22T09:07:38.821Z] GET https://static1.squarespace.com/static/custom-css/56f9fe3c40261d5bd4ebf628/57c52e61d2b857370eabffbd/0/custom.css → 200 (?ms, -556B)
[2026-07-22T09:07:38.821Z] GET https://code.jquery.com/jquery-2.1.3.min.js → 200 (?ms, -622B)
[2026-07-22T09:07:38.821Z] GET https://images.squarespace-cdn.com/content/v1/56f9fe3c40261d5bd4ebf628/1597705236711-WSM5V2NT9LMZHBGEOKCO/SS-Color-Stack.png?format=1500w → 200 (?ms, -612B)
[2026-07-22T09:07:38.821Z] GET https://static1.squarespace.com/static/ta/52e968b5e4b04d2aa2a3bba3/1142/scripts/site-bundle.js → 200 (?ms, -575B)
[2026-07-22T09:07:38.873Z] GET https://file.squarespace-cdn.com/content/v2/namespaces/fonts/libraries/sqsp/assets/6741e9e3-7ef6-4c86-867d-2343fc85d12d/latin.woff2 → 200 (2ms, -448B)
[2026-07-22T09:07:38.875Z] GET https://file.squarespace-cdn.com/content/v2/namespaces/fonts/libraries/sqsp/assets/c02dd75d-df69-4519-9bfc-eedeadf97567/latin.woff2 → 200 (?ms, -447B)
[2026-07-22T09:07:38.875Z] GET https://file.squarespace-cdn.com/content/v2/namespaces/fonts/libraries/sqsp/assets/c08a54ab-352f-409b-afa5-234e5ea08a15/latin.woff2 → 200 (?ms, -448B)
[2026-07-22T09:07:38.875Z] GET https://file.squarespace-cdn.com/content/v2/namespaces/fonts/libraries/sqsp/assets/3ceffaf4-ecbc-434a-b31f-5ce87cca32aa/latin.woff2 → 200 (?ms, -448B)
[2026-07-22T09:07:38.875Z] GET https://file.squarespace-cdn.com/content/v2/namespaces/fonts/libraries/sqsp/assets/0dc77f43-a26f-4845-8f8e-f7a46f285006/latin.woff2 → 200 (?ms, -658B)
[2026-07-22T09:07:38.875Z] GET https://use.typekit.net/af/100a67/0000000000000000775dd7d1/31/l?subset_id=2&fvd=n3&v=3 → 200 (?ms, -365B)
[2026-07-22T09:07:38.875Z] GET https://use.typekit.net/af/7c02fe/0000000000000000775dd7dd/31/l?subset_id=2&fvd=n4&v=3 → 200 (?ms, -365B)
[2026-07-22T09:07:38.875Z] GET https://use.typekit.net/af/c6c38a/0000000000000000775dd7d9/31/l?subset_id=2&fvd=n5&v=3 → 200 (?ms, -365B)
[2026-07-22T09:07:38.875Z] GET https://use.typekit.net/af/f66fb7/0000000000000000775dd7d4/31/l?subset_id=2&fvd=n6&v=3 → 200 (?ms, -365B)
[2026-07-22T09:07:38.875Z] GET https://use.typekit.net/af/71ccd4/0000000000000000775dd7da/31/l?subset_id=2&fvd=n7&v=3 → 200 (?ms, -365B)
[2026-07-22T09:07:38.875Z] GET https://use.typekit.net/af/4c5943/0000000000000000775dd7d0/31/l?subset_id=2&fvd=i3&v=3 → 200 (?ms, -365B)
[2026-07-22T09:07:38.875Z] GET https://use.typekit.net/af/916d55/0000000000000000775dd7cd/31/l?subset_id=2&fvd=i7&v=3 → 200 (?ms, -365B)
[2026-07-22T09:07:38.875Z] GET https://use.typekit.net/af/1a756d/00000000000000007735d927/31/l?subset_id=2&fvd=n4&v=3 → 200 (?ms, -365B)
[2026-07-22T09:07:38.875Z] GET https://use.typekit.net/af/2c7dfe/00000000000000007735da32/31/l?subset_id=2&fvd=n4&v=3 → 200 (?ms, -365B)
[2026-07-22T09:07:38.875Z] GET https://use.typekit.net/af/ce0708/00000000000000007735d91b/31/l?subset_id=2&fvd=n6&v=3 → 200 (?ms, -365B)
[2026-07-22T09:07:38.892Z] GET https://assets.squarespace.com/universal/scripts-compressed/50785-5da795d97049b11f-min.en-US.js → 200 (?ms, -633B)
[2026-07-22T09:07:38.892Z] GET https://assets.squarespace.com/universal/scripts-compressed/82365-7f8bed8d727a2323-min.en-US.js → 200 (?ms, -634B)
[2026-07-22T09:07:38.892Z] GET https://assets.squarespace.com/universal/scripts-compressed/51032-5b10f78cd55ee141-min.en-US.js → 200 (?ms, -635B)
[2026-07-22T09:07:38.892Z] GET https://assets.squarespace.com/universal/scripts-compressed/12650-53ff0a28f9221293-min.en-US.js → 200 (?ms, -633B)
[2026-07-22T09:07:38.892Z] GET https://assets.squarespace.com/universal/scripts-compressed/93003-12fa20f83c762315-min.en-US.js → 200 (?ms, -634B)
[2026-07-22T09:07:38.892Z] GET https://assets.squarespace.com/universal/scripts-compressed/43697-f517c2140e5fa74a-min.en-US.js → 200 (?ms, -634B)
[2026-07-22T09:07:38.892Z] GET https://assets.squarespace.com/universal/scripts-compressed/29373-ce744d4f84228bda-min.en-US.js → 200 (?ms, -634B)
[2026-07-22T09:07:38.892Z] GET https://assets.squarespace.com/universal/scripts-compressed/16975-cb4dd2489e086630-min.en-US.js → 200 (?ms, -633B)
[2026-07-22T09:07:38.892Z] GET https://assets.squarespace.com/universal/scripts-compressed/36750-0e0dcc3bf656857b-min.en-US.js → 200 (?ms, -635B)
[2026-07-22T09:07:38.892Z] GET https://assets.squarespace.com/universal/scripts-compressed/22210-209b1ae1d4b7db72-min.en-US.js → 200 (?ms, -632B)
[2026-07-22T09:07:38.892Z] GET https://assets.squarespace.com/universal/scripts-compressed/48844-845adadf960f8a75-min.en-US.js → 200 (?ms, -633B)
[2026-07-22T09:07:38.892Z] GET https://assets.squarespace.com/universal/scripts-compressed/21865-abf93d213cf024da-min.en-US.js → 200 (?ms, -631B)
[2026-07-22T09:07:38.892Z] GET https://assets.squarespace.com/universal/styles-compressed/35ebb88013744865-min.en-US.css → 200 (?ms, -600B)
[2026-07-22T09:07:38.892Z] GET https://assets.squarespace.com/universal/scripts-compressed/async-commerce-cart-utils-7e31a7d05a3d896f-min.en-US.js → 200 (?ms, -632B)
[2026-07-22T09:07:38.892Z] GET https://assets.squarespace.com/universal/styles-compressed/8308d1793f387442-min.en-US.css → 200 (?ms, -600B)
[2026-07-22T09:07:38.893Z] GET https://assets.squarespace.com/universal/scripts-compressed/async-reserved-cart-bootstrap-6c5f32fe56aefd87-min.en-US.js → 200 (?ms, -634B)
[2026-07-22T09:07:38.893Z] GET https://assets.squarespace.com/universal/scripts-compressed/31774-e8836161f3f61b44-min.en-US.js → 200 (?ms, -631B)
[2026-07-22T09:07:38.893Z] GET https://assets.squarespace.com/universal/scripts-compressed/48593-1c03c5b0b2b6df48-min.en-US.js → 200 (?ms, -630B)
[2026-07-22T09:07:38.893Z] GET https://assets.squarespace.com/universal/styles-compressed/6bc1593a0581d9e7-min.en-US.css → 200 (?ms, -599B)
[2026-07-22T09:07:38.893Z] POST https://www.hillaryinstitute.com/api/census/RecordHit → 200 (355ms, 83B)
[2026-07-22T09:07:38.893Z] GET https://images.squarespace-cdn.com/content/v1/56f9fe3c40261d5bd4ebf628/821ae9b3-35c2-4060-993b-86ec67dac5e9/16309+EHF+HI+Annual+Report+2024+Cover.jpg?format=500w → 200 (688ms, 38808B)
[2026-07-22T09:07:38.904Z] GET https://p.typekit.net/p.gif?s=2&k=646866_56f9fe3c40261d5bd4ebf628&ht=tk&h=www.hillaryinstitute.com&f=13456.10954.13458.13460.13454.13457.13455.6771.1344.6852&a=646866&js=1.21.0&app=typekit&e=js&_=1784711258896 → 200 (?ms, 205B)
[2026-07-22T09:07:38.927Z] GET https://images.squarespace-cdn.com/content/v1/56f9fe3c40261d5bd4ebf628/1475039803916-G7Z5WR3Q8P4MBSV0L1R5/RGS-Hillary-Expedition-Portrait-1500x700.jpg?format=2500w → pending (?ms, ?B)
[2026-07-22T09:08:09.857Z] POST https://tracing.squarespace.com/v1/logs → 200 (713ms, 80B)
[2026-07-22T09:08:09.857Z] POST https://performance.squarespace.com/api/v1/records → 200 (216ms, 65B)
